index,万 科Ａ(000002),美的集团(000333),苏宁易购(002024),中源协和(600645),广誉远(600771),cash
2016-01-05 00:00:00+00:00,0.0,2108321.02,1983631.9200000002,1935043.02,0.0,3973004.0400000005
2016-01-06 00:00:00+00:00,0.0,2125817.46,2078558.2000000002,2027676.24,0.0,3973004.0400000005
2016-01-07 00:00:00+00:00,0.0,1954217.76,1891978.9600000002,1824976.98,0.0,3973004.0400000005
2016-01-08 00:00:00+00:00,0.0,2006034.1400000001,1949262.06,1944272.1600000001,0.0,3973004.0400000005
2016-01-11 00:00:00+00:00,0.0,1911149.6,1898525.5999999999,1749776.5799999998,0.0,3973004.0400000005
2016-01-12 00:00:00+00:00,0.0,1938740.1400000001,1900162.26,1667397.96,0.0,3973004.0400000005
2016-01-13 00:00:00+00:00,0.0,1950853.06,1854335.78,1504691.6400000001,0.0,3973004.0400000005
2016-01-14 00:00:00+00:00,0.0,1991902.4000000001,1890342.3,1555964.6400000001,0.0,3973004.0400000005
2016-01-15 00:00:00+00:00,0.0,1910476.6600000001,1805235.98,1403512.9200000002,0.0,3973004.0400000005
2016-01-18 00:00:00+00:00,0.0,1870773.2,1841242.5,1376850.96,0.0,3973004.0400000005
2016-01-19 00:00:00+00:00,0.0,1939413.08,1967265.3199999998,1434618.54,0.0,3973004.0400000005
2016-01-20 00:00:00+00:00,0.0,1886250.82,1995088.5399999998,1446240.4200000002,0.0,3973004.0400000005
2016-01-21 00:00:00+00:00,0.0,1818956.82,1896888.94,1315323.36,0.0,3973004.0400000005
2016-01-22 00:00:00+00:00,0.0,1822321.52,1929622.1400000001,1400778.36,0.0,3973004.0400000005
2016-01-25 00:00:00+00:00,0.0,1830396.8,1914892.2000000002,1394283.78,0.0,3973004.0400000005
2016-01-26 00:00:00+00:00,0.0,1739549.9000000001,1734859.5999999999,1265759.46,0.0,3973004.0400000005
2016-01-27 00:00:00+00:00,0.0,1765121.62,1733222.94,1242857.52,0.0,3973004.0400000005
2016-01-28 00:00:00+00:00,0.0,1783963.9400000002,1685759.8,1147831.56,0.0,3973004.0400000005
2016-01-29 00:00:00+00:00,0.0,1837799.1400000001,1741406.24,1209700.98,0.0,3973004.0400000005
2016-02-01 00:00:00+00:00,0.0,1840490.9000000001,1721766.3199999998,1227133.8,0.0,3973004.0400000005
2016-02-02 00:00:00+00:00,0.0,1857987.3399999999,1759409.5,1297206.9000000001,0.0,3973004.0400000005
2016-02-03 00:00:00+00:00,0.0,1828377.9800000002,1765956.1400000001,1298232.36,0.0,3973004.0400000005
2016-02-04 00:00:00+00:00,0.0,1836453.26,1800326.0,1368989.1,0.0,3973004.0400000005
2016-02-05 00:00:00+00:00,0.0,1845201.4800000002,1800326.0,1368989.1,0.0,3973004.0400000005
2016-02-15 00:00:00+00:00,0.0,1814246.24,1793779.36,1368989.1,0.0,3973004.0400000005
2016-02-16 00:00:00+00:00,0.0,1866735.56,1867429.06,1368989.1,0.0,3973004.0400000005
2016-02-17 00:00:00+00:00,0.0,1880867.3,1896888.94,1368989.1,0.0,3973004.0400000005
2016-02-18 00:00:00+00:00,0.0,1874810.8399999999,1860882.4200000002,1368989.1,0.0,3973004.0400000005
2016-02-19 00:00:00+00:00,0.0,1857314.4000000001,1865792.4000000001,1368989.1,0.0,3973004.0400000005
2016-02-22 00:00:00+00:00,0.0,1886923.76,1895252.28,1368989.1,0.0,3973004.0400000005
2016-02-23 00:00:00+00:00,0.0,1875483.78,1849425.8,1368989.1,0.0,3973004.0400000005
2016-02-24 00:00:00+00:00,0.0,1873464.96,1947625.4000000001,1368989.1,0.0,3973004.0400000005
2016-02-25 00:00:00+00:00,0.0,1781272.18,1792142.7000000002,1368989.1,0.0,3973004.0400000005
2016-02-26 00:00:00+00:00,0.0,1806170.96,1805235.98,1368989.1,0.0,3973004.0400000005
2016-02-29 00:00:00+00:00,0.0,1754354.58,1682486.48,1368989.1,0.0,3973004.0400000005
2016-03-01 00:00:00+00:00,0.0,1814246.24,1713583.02,1368989.1,0.0,3973004.0400000005
2016-03-02 00:00:00+00:00,0.0,1963638.92,1783959.4000000001,1368989.1,0.0,3973004.0400000005
2016-03-03 00:00:00+00:00,0.0,1924608.4000000001,1772502.78,1368989.1,0.0,3973004.0400000005
2016-03-04 00:00:00+00:00,0.0,1959601.28,1746316.22,1232261.1,0.0,3973004.0400000005
2016-03-07 00:00:00+00:00,0.0,1967003.62,1769229.4600000002,1212093.72,0.0,3973004.0400000005
2016-03-08 00:00:00+00:00,0.0,1941431.9000000001,1774139.44,1214486.46,0.0,3973004.0400000005
2016-03-09 00:00:00+00:00,0.0,1936721.32,1720129.66,1201155.48,69065294.26,-65092290.220000006
2016-03-10 00:00:00+00:00,0.0,1953544.82,1687396.4600000002,1157402.52,62153965.300000004,-65092290.220000006
2016-03-11 00:00:00+00:00,0.0,1951526.0,1718493.0,1147831.56,60594116.75,-65092290.220000006
2016-03-14 00:00:00+00:00,0.0,1988537.7,1767592.8,1233628.3800000001,62321948.989999995,-65092290.220000006
2016-03-15 00:00:00+00:00,0.0,1994594.1600000001,1749589.5399999998,1230210.1800000002,59994175.0,-65092290.220000006
2016-03-16 00:00:00+00:00,0.0,1969022.4400000002,1723402.98,1203548.22,58434326.45,-65092290.220000006
2016-03-17 00:00:00+00:00,0.0,2008725.9000000001,1775776.0999999999,1305410.5799999998,60282147.04,-65092290.220000006
2016-03-18 00:00:00+00:00,0.0,2021511.76,1898525.5999999999,1349163.54,61434035.2,-65092290.220000006
2016-03-21 00:00:00+00:00,0.0,2044391.72,1914892.2000000002,1387447.3800000001,62369944.330000006,-65092290.220000006
2016-03-22 00:00:00+00:00,0.0,2055158.76,1924712.16,1363178.1600000001,61674011.9,-65092290.220000006
2016-03-23 00:00:00+00:00,0.0,2037662.32,1949262.06,1378560.06,62105969.96,-65092290.220000006
2016-03-24 00:00:00+00:00,0.0,2077365.78,1887068.98,1322501.5799999998,60498126.07,-65092290.220000006
2016-03-25 00:00:00+00:00,0.0,2113031.6,1906708.9000000001,1346770.8,63929792.88,-65092290.220000006
2016-03-28 00:00:00+00:00,0.0,2059196.4000000001,1862519.08,1313614.26,68441354.84,-65092290.220000006
2016-03-29 00:00:00+00:00,0.0,2018147.06,1823239.24,1264734.0,65801611.14,-65092290.220000006
2016-03-30 00:00:00+00:00,0.0,2054485.82,1888705.6400000001,1336174.3800000001,68897310.57000001,-65092290.220000006
2016-03-31 00:00:00+00:00,0.0,2076019.9000000001,1873975.7000000002,1344719.8800000001,68585340.86,-65092290.220000006
2016-04-01 00:00:00+00:00,0.0,2058523.46,1842879.16,1317716.1,68585340.86,-65092290.220000006
2016-04-05 00:00:00+00:00,0.0,2071982.26,1905072.24,1372065.48,68153382.80000001,-65092290.220000006
2016-04-06 00:00:00+00:00,0.0,2069290.5,1921438.84,1372065.48,69497252.32000001,-65092290.220000006
2016-04-07 00:00:00+00:00,0.0,2025549.4000000001,1870702.38,1332414.36,66665527.260000005,-65092290.220000006
2016-04-08 00:00:00+00:00,0.0,2020165.88,1947625.4000000001,1348479.9000000001,66257566.87,-65092290.220000006
2016-04-11 00:00:00+00:00,0.0,2045737.6,1960718.6800000002,1466065.98,67097485.32,-65092290.220000006
2016-04-12 00:00:00+00:00,0.0,2049775.24,1927985.48,1449316.8,65345655.410000004,-65092290.220000006
2016-04-13 00:00:00+00:00,0.0,2064579.92,1944352.08,1482131.52,65393650.75,-65092290.220000006
2016-04-14 00:00:00+00:00,0.0,2080730.4800000002,1945988.74,1478029.6800000002,65873604.15,-65092290.220000006
2016-04-15 00:00:00+00:00,0.0,2083422.24,1975448.62,1485207.9000000001,65945597.160000004,-65092290.220000006
2016-04-18 00:00:00+00:00,0.0,2060542.28,1931258.8,1423338.48,64121774.239999995,-65092290.220000006
2016-04-19 00:00:00+00:00,0.0,2071309.32,1929622.1400000001,1436669.46,63305853.46,-65092290.220000006
2016-04-20 00:00:00+00:00,0.0,2010744.72,1823239.24,1330021.62,61290049.18,-65092290.220000006
2016-04-21 00:00:00+00:00,0.0,2001323.56,1795416.02,1294472.3399999999,60042170.339999996,-65092290.220000006
2016-04-22 00:00:00+00:00,0.0,2072655.2,1808509.3,1324552.5,59994175.0,-65092290.220000006
2016-04-25 00:00:00+00:00,0.0,2099572.8,1836332.52,1302334.2,59082263.54,-65092290.220000006
2016-04-26 00:00:00+00:00,0.0,2111685.7199999997,1836332.52,1324552.5,58890282.18,-65092290.220000006
2016-04-27 00:00:00+00:00,0.0,2084768.12,1805235.98,1300625.1,62753907.050000004,-65092290.220000006
2016-04-28 00:00:00+00:00,0.0,2071309.32,1818329.26,1310879.7,60858091.12,-65092290.220000006
2016-04-29 00:00:00+00:00,0.0,2160137.4,1816692.5999999999,1295497.8,62513930.35,-65082470.260000005
2016-05-03 00:00:00+00:00,0.0,2277228.9600000004,1851062.4600000002,1295497.8,63737811.52,-65082470.260000005
2016-05-04 00:00:00+00:00,0.0,2218010.24,1833059.2000000002,1295497.8,63017881.42,-65082470.260000005
2016-05-05 00:00:00+00:00,0.0,2220029.06,1831422.5399999998,1295497.8,62993883.75,-65082470.260000005
2016-05-06 00:00:00+00:00,0.0,2054149.35,1756136.1800000002,1295497.8,60090165.68,-65001717.46000001
2016-05-09 00:00:00+00:00,0.0,2054149.35,1700489.74,1295497.8,57138452.269999996,-65001717.46000001
2016-05-10 00:00:00+00:00,0.0,2127836.2800000003,1708673.0399999998,1295497.8,58050363.730000004,-65001717.46000001
2016-05-11 00:00:00+00:00,0.0,2216664.36,1697216.4200000002,1295497.8,59418230.92,-65001717.46000001
2016-05-12 00:00:00+00:00,0.0,2210607.9000000004,1677576.5,1295497.8,58866284.510000005,-65001717.46000001
2016-05-13 00:00:00+00:00,0.0,2171240.91,1682486.48,1295497.8,57570410.330000006,-65001717.46000001
2016-05-16 00:00:00+00:00,0.0,2200513.8000000003,1716856.34,1295497.8,59202251.89,-65001717.46000001
2016-05-17 00:00:00+00:00,0.0,2155090.35,1718493.0,1295497.8,58842286.839999996,-65001717.46000001
2016-05-18 00:00:00+00:00,0.0,2155090.35,1713583.02,1295497.8,57594408.0,-65001717.46000001
2016-05-19 00:00:00+00:00,0.0,2155090.35,1715219.6800000002,1295497.8,57618405.67,-65001717.46000001
2016-05-20 00:00:00+00:00,0.0,2155090.35,1718493.0,1295497.8,58146354.410000004,-65001717.46000001
2016-05-23 00:00:00+00:00,0.0,2155090.35,1723402.98,1295497.8,59034268.2,-65001717.46000001
2016-05-24 00:00:00+00:00,0.0,2155090.35,1703763.06,1295497.8,58290340.43,-65001717.46000001
2016-05-25 00:00:00+00:00,0.0,2155090.35,1726676.3,1295497.8,57714396.35,-65001717.46000001
2016-05-26 00:00:00+00:00,0.0,2155090.35,1725039.6400000001,1295497.8,57762391.69,-65001717.46000001
2016-05-27 00:00:00+00:00,0.0,2155090.35,1716856.34,1295497.8,57594408.0,-65001717.46000001
2016-05-30 00:00:00+00:00,0.0,2155090.35,1707036.38,1295497.8,57954373.050000004,-65001717.46000001
2016-05-31 00:00:00+00:00,0.0,2155090.35,1803599.3199999998,1295497.8,59994175.0,-65001717.46000001
2016-06-01 00:00:00+00:00,0.0,2307511.26,1824875.9000000001,1295497.8,59778195.97,-65001717.46000001
2016-06-02 00:00:00+00:00,0.0,2277228.96,1810145.9600000002,1295497.8,60018172.67,-65001717.46000001
2016-06-03 00:00:00+00:00,0.0,2329718.2800000003,1923075.5,1295497.8,61434035.2,-65001717.46000001
2016-06-06 00:00:00+00:00,0.0,2395329.93,1957445.36,1295497.8,60450130.730000004,-65001717.46000001
2016-06-07 00:00:00+00:00,0.0,2334765.33,1898525.5999999999,1165948.02,60474128.4,-65001717.46000001
2016-06-08 00:00:00+00:00,0.0,2289341.88,1859245.76,1166631.6600000001,59946179.660000004,-65001717.46000001
2016-06-13 00:00:00+00:00,0.0,2250984.3000000003,1779049.4200000002,1156035.24,57642403.339999996,-65001717.46000001
2016-06-14 00:00:00+00:00,0.0,2279247.7800000003,1787232.72,1128006.0,57666401.010000005,-65001717.46000001
2016-06-15 00:00:00+00:00,0.0,2299435.98,1819965.9200000002,1162529.8199999998,58746296.160000004,-65001717.46000001
2016-06-16 00:00:00+00:00,0.0,2257040.76,1787232.72,1152617.04,58002368.39,-65001717.46000001
2016-06-17 00:00:00+00:00,0.0,2264106.63,1790506.0399999998,1173809.8800000001,61410037.53,-65001717.46000001
2016-06-20 00:00:00+00:00,0.0,2317605.36,1788869.38,1155693.4200000002,60714105.1,-65001717.46000001
2016-06-21 00:00:00+00:00,0.0,2293379.52,1775776.0999999999,1134842.4000000001,60786098.11000001,-65001717.46000001
2016-06-22 00:00:00+00:00,0.0,2317605.36,1783959.4000000001,1150224.3,60954081.800000004,-65001717.46000001
2016-06-23 00:00:00+00:00,0.0,2291360.6999999997,1757772.84,1163213.46,64793709.0,-65001717.46000001
2016-06-24 00:00:00+00:00,0.0,2304483.0300000003,1731586.28,1134500.5799999998,65825608.81,-65001717.46000001
2016-06-27 00:00:00+00:00,0.0,2386245.24,1754499.52,1165948.02,67625434.06,-65001717.46000001
2016-06-28 00:00:00+00:00,0.0,2356972.35,1761046.16,1212777.36,69209280.28,-65001717.46000001
2016-06-29 00:00:00+00:00,0.0,2358991.17,1767592.8,1210726.44,68777322.22,-65001717.46000001
2016-06-30 00:00:00+00:00,0.0,2394320.52,1777412.76,1201155.48,69929210.38,-65001717.46000001
2016-07-01 00:00:00+00:00,0.0,2430659.2800000003,1757772.84,1206624.6,67553441.05000001,-65001717.46000001
2016-07-04 00:00:00+00:00,102629155.17000002,2468007.4499999997,1782322.74,1230210.1800000002,69065294.26,-167630872.63000005
2016-07-05 00:00:00+00:00,92361572.57,2432678.1,1805235.98,1224057.4200000002,68513347.85000001,-167630872.63000005
2016-07-06 00:00:00+00:00,92408243.4,2460941.58,1792142.7000000002,1219955.5799999998,70385166.11,-167630872.63000005
2016-07-07 00:00:00+00:00,87834502.06,2466998.04,1780686.08,1242515.7,71801028.64,-167630872.63000005
2016-07-08 00:00:00+00:00,87507806.25,2437725.1500000004,1777412.76,1226791.98,73000912.14,-167630872.63000005
2016-07-11 00:00:00+00:00,85267606.41,2519487.36,1775776.0999999999,1211751.9000000001,73096902.82000001,-167630872.63000005
2016-07-12 00:00:00+00:00,84567543.96000001,2771839.86,1795416.02,1220981.04,75136704.77000001,-167630872.63000005
2016-07-13 00:00:00+00:00,85500960.56,2760736.35,1813419.28,1241148.4200000002,74344781.66,-167630872.63000005
2016-07-14 00:00:00+00:00,83820810.68,2729444.64,1805235.98,1239097.5,72544956.41,-167630872.63000005
2016-07-15 00:00:00+00:00,83494114.87,2891959.6500000004,1790506.0399999998,1237730.22,73480865.54,-167630872.63000005
2016-07-18 00:00:00+00:00,81347256.69,2872780.86,1806872.6400000001,1223373.78,71321075.24,-167630872.63000005
2016-07-19 00:00:00+00:00,79853790.13,2770830.4499999997,1811782.62,1231235.6400000001,71513056.60000001,-167630872.63000005
2016-07-20 00:00:00+00:00,79713777.64000002,2755689.3000000003,1806872.6400000001,1240122.96,73168895.83,-167630872.63000005
2016-07-21 00:00:00+00:00,79433752.66,2833413.87,1805235.98,1228159.26,73912823.60000001,-167630872.63000005
2016-07-22 00:00:00+00:00,81160573.37,2753670.48,1782322.74,1206282.78,73648849.23,-167630872.63000005
2016-07-25 00:00:00+00:00,82607369.1,2691087.06,1782322.74,1217562.8399999999,73192893.5,-167630872.63000005
2016-07-26 00:00:00+00:00,82980735.74000001,2779915.14,1808509.3,1251403.02,73720842.24,-167630872.63000005
2016-07-27 00:00:00+00:00,81300585.86000001,2721369.36,1734859.5999999999,1200813.6600000001,71033103.2,-167630872.63000005
2016-07-28 00:00:00+00:00,83634127.36000001,2804140.98,1739769.58,1165264.3800000001,72017007.67,-167630872.63000005
2016-07-29 00:00:00+00:00,79993802.62,2846536.1999999997,1728312.9600000002,1149882.48,71417065.92,-164270572.87000006
2016-08-01 00:00:00+00:00,80133815.11000001,2802122.16,1710309.7000000002,1123904.1600000001,70193184.75,-164270572.87000006
2016-08-02 00:00:00+00:00,82187331.63,2785971.6,1721766.3199999998,1129715.0999999999,70241180.09,-164270572.87000006
2016-08-03 00:00:00+00:00,83447444.03999999,2827357.41,1721766.3199999998,1130398.74,69713231.35000001,-164270572.87000006
2016-08-04 00:00:00+00:00,91801522.61000001,2795056.29,1728312.9600000002,1134500.5799999998,69641238.34,-164270572.87000006
2016-08-05 00:00:00+00:00,97775388.85,2823319.77,1783959.4000000001,1121511.4200000002,70409163.78,-164270572.87000006
2016-08-08 00:00:00+00:00,102069105.21000001,2795056.29,1854335.78,1136209.6800000002,70409163.78,-164270572.87000006
2016-08-09 00:00:00+00:00,102535813.50999999,2809188.0300000003,1851062.4600000002,1162188.0,70745131.16,-164270572.87000006
2016-08-10 00:00:00+00:00,98942159.6,2748623.43,1829785.88,1149540.6600000001,70769128.83,-164270572.87000006
2016-08-11 00:00:00+00:00,96655288.93,2749632.8400000003,1795416.02,1128347.8199999998,69809222.03,-164270572.87000006
2016-08-12 00:00:00+00:00,106316150.74000001,2729444.64,1849425.8,1134158.76,69713231.35000001,-164270572.87000006
2016-08-15 00:00:00+00:00,116957099.98,2818272.72,1869065.72,1165264.3800000001,70937112.52000001,-164270572.87000006
2016-08-16 00:00:00+00:00,128671478.31,2861677.35,1847789.1400000001,1179962.6400000001,73408872.53,-164270572.87000006
2016-08-17 00:00:00+00:00,120644095.55000001,2869752.63,1887068.98,1245592.0799999998,75064711.76,-164270572.87000006
2016-08-18 00:00:00+00:00,119383983.14000002,2833413.87,1854335.78,1225424.7,73768837.58,-164270572.87000006
2016-08-19 00:00:00+00:00,114763570.97,2812216.26,1841242.5,1220297.4000000001,73120900.49,-164270572.87000006
2016-08-22 00:00:00+00:00,115276950.1,2767802.22,1839605.84,1221664.6800000002,73024909.81,-164270572.87000006
2016-08-23 00:00:00+00:00,115276950.1,2788999.83,1824875.9000000001,1228842.9000000001,73504863.21,-164270572.87000006
2016-08-24 00:00:00+00:00,111963321.17000002,2755689.3000000003,1819965.9200000002,1220981.04,73312881.85000001,-164270572.87000006
2016-08-25 00:00:00+00:00,109863133.82,2775877.5,1801962.66,1198420.9200000002,74584758.36,-164270572.87000006
2016-08-26 00:00:00+00:00,106829529.87,2747614.02,1803599.3199999998,1225424.7,75808639.53,-164270572.87000006
2016-08-29 00:00:00+00:00,106922871.53,2730454.0500000003,1811782.62,1204231.86,79864245.76,-164270572.87000006
2016-08-30 00:00:00+00:00,105756100.78,2712284.67,1811782.62,1216537.3800000001,78784350.61,-164270572.87000006
2016-08-31 00:00:00+00:00,116350379.19,2765783.4000000004,1816692.5999999999,1200130.02,78808348.28,-164270572.87000006
2016-09-01 00:00:00+00:00,109396425.52000001,2772849.27,1806872.6400000001,1170049.86,77200504.39,-164270572.87000006
2016-09-02 00:00:00+00:00,110936562.91,2737519.92,1819965.9200000002,1151591.5799999998,77200504.39,-164270572.87000006
2016-09-05 00:00:00+00:00,109396425.52000001,2768811.63,1818329.26,1154326.1400000001,78880341.28999999,-164270572.87000006
2016-09-06 00:00:00+00:00,108836375.56,2756698.7100000004,1821602.58,1188508.1400000001,80776157.22000001,-164270572.87000006
2016-09-07 00:00:00+00:00,108603021.41,2748623.43,1846152.48,1189533.6,82216017.42,-164270572.87000006
2016-09-08 00:00:00+00:00,110236500.46000001,2746604.61,1841242.5,1178937.1800000002,81328103.63,-164270572.87000006
2016-09-09 00:00:00+00:00,108136313.11000001,2727425.82,1818329.26,1173468.06,81328103.63,-164270572.87000006
2016-09-12 00:00:00+00:00,109676450.5,2653738.89,1751226.2000000002,1125613.26,79600271.39,-164270572.87000006
2016-09-13 00:00:00+00:00,110049817.14000002,2658785.94,1761046.16,1120485.96,79768255.08,-164270572.87000006
2016-09-14 00:00:00+00:00,110049817.14000002,2563901.4000000004,1759409.5,1126296.9000000001,79768255.08,-164270572.87000006
2016-09-19 00:00:00+00:00,110283171.28999999,2624466.0,1772502.78,1134158.76,79768255.08,-164270572.87000006
2016-09-20 00:00:00+00:00,110236500.46000001,2615381.31,1770866.12,1151933.4000000001,79768255.08,-164270572.87000006
2016-09-21 00:00:00+00:00,114903583.46000001,2621437.77,1774139.44,1140995.1600000001,79768255.08,-164270572.87000006
2016-09-22 00:00:00+00:00,126011241.0,2639607.1500000004,1787232.72,1133475.12,79768255.08,-164270572.87000006
2016-09-23 00:00:00+00:00,118917274.84,2650710.66,1787232.72,1128347.8199999998,82407998.78,-164270572.87000006
2016-09-26 00:00:00+00:00,115183608.44,2626484.82,1746316.22,1102369.5,80800154.89,-164270572.87000006
2016-09-27 00:00:00+00:00,117330466.62,2640616.56,1772502.78,1112965.9200000002,80008231.78,-164270572.87000006
2016-09-28 00:00:00+00:00,120410741.4,2643644.79,1774139.44,1107804.4379999998,79000329.64,-164270572.87000006
2016-09-29 00:00:00+00:00,121297487.17000002,2674936.5,1777412.76,1111222.638,81184117.61,-164270572.87000006
2016-09-30 00:00:00+00:00,122137562.11000001,2726416.41,1774139.44,1116042.3,82264012.76,-164270572.87000006
2016-10-10 00:00:00+00:00,121204145.50999999,2720359.9499999997,1815055.94,1133816.94,84471798.4,-164270572.87000006
2016-10-11 00:00:00+00:00,122417587.09,2725407.0,1819965.9200000002,1138260.5999999999,85839665.59,-164270572.87000006
2016-10-12 00:00:00+00:00,124144407.80000001,2706228.2100000004,1811782.62,1136551.5,83727870.63,-164270572.87000006
2016-10-13 00:00:00+00:00,125124495.23,2654748.3000000003,1815055.94,1131424.2,84951751.8,-164270572.87000006
2016-10-14 00:00:00+00:00,125264507.72,2661814.17,1811782.62,1117751.4000000001,85575691.22000001,-164270572.87000006
2016-10-17 00:00:00+00:00,121344158.0,2651720.07,1798689.34,1133475.12,85959653.94,-164270572.87000006
2016-10-18 00:00:00+00:00,121344158.0,2659795.35,1831422.5399999998,1140653.3399999999,86103639.96000001,-164270572.87000006
2016-10-19 00:00:00+00:00,120550753.89000002,2638597.74,1837969.1800000002,1133475.12,86079642.28999999,-164270572.87000006
2016-10-20 00:00:00+00:00,121064133.02000001,2649701.25,1849425.8,1132449.6600000001,86079642.28999999,-164270572.87000006
2016-10-21 00:00:00+00:00,117843845.75,2662823.58,1829785.88,1138260.5999999999,86103639.96000001,-164270572.87000006
2016-10-24 00:00:00+00:00,117797174.92000002,2691087.06,1864155.74,1140995.1600000001,85767672.58,-164270572.87000006
2016-10-25 00:00:00+00:00,116723745.83000001,2705218.8000000003,1867429.06,1135867.86,79456285.37,-164270572.87000006
2016-10-26 00:00:00+00:00,117470479.11000001,2692096.47,1877249.02,1132791.48,79888243.42999999,-164270572.87000006
2016-10-27 00:00:00+00:00,115603645.91,2693105.88,1867429.06,1122878.7,79480283.03999999,-164270572.87000006
2016-10-28 00:00:00+00:00,115510304.25,2701181.16,1841242.5,1103736.78,79672264.4,-164270572.87000006
2016-10-31 00:00:00+00:00,116303708.36000001,2740548.1500000004,1833059.2000000002,1037081.88,81184117.61,-164270572.87000006
2016-11-01 00:00:00+00:00,120364070.57,2803131.57,1847789.1400000001,1042209.18,81232112.95,-164270572.87000006
2016-11-02 00:00:00+00:00,116210366.7,2773858.68,1821602.58,1028194.56,80536180.52000001,-164270572.87000006
2016-11-03 00:00:00+00:00,116070354.21000001,2765783.4000000004,1867429.06,1024776.36,80080224.78999999,-164270572.87000006
2016-11-04 00:00:00+00:00,114763570.97,2724397.5900000003,1852699.12,1029220.02,79720259.74,-164270572.87000006
2016-11-07 00:00:00+00:00,112756725.28,2720359.9499999997,1849425.8,1026143.64,79648266.72999999,-164270572.87000006
2016-11-08 00:00:00+00:00,113036750.25999999,2765783.4000000004,1860882.4200000002,1029903.6599999999,79888243.42999999,-164270572.87000006
2016-11-09 00:00:00+00:00,122744282.9,2743576.38,1821602.58,1023409.0800000001,79576273.72000001,-164270572.87000006
2016-11-10 00:00:00+00:00,123957724.48,2782943.37,1837969.1800000002,1035372.78,79744257.41000001,-164270572.87000006
2016-11-11 00:00:00+00:00,121297487.17000002,2768811.63,1821602.58,1040500.0800000001,80104222.46000001,-164270572.87000006
2016-11-14 00:00:00+00:00,119944033.1,2735501.1,1818329.26,1052463.78,79888243.42999999,-164270572.87000006
2016-11-15 00:00:00+00:00,125731216.02000001,2725407.0,1829785.88,1054856.52,79960236.44,-164270572.87000006
2016-11-16 00:00:00+00:00,124517774.44,2719350.54,1828149.22,1051096.5,79984234.11,-164270572.87000006
2016-11-17 00:00:00+00:00,126011241.0,2725407.0,1842879.16,1045285.56,80872147.9,-164270572.87000006
2016-11-18 00:00:00+00:00,129371540.75999999,2738529.33,1834695.86,1039474.62,83247917.22999999,-164270572.87000006
2016-11-21 00:00:00+00:00,127878074.2,2783952.7800000003,1837969.1800000002,1031270.9400000001,84375807.72000001,-164270572.87000006
2016-11-22 00:00:00+00:00,127411365.9,2769821.04,1839605.84,1037423.7000000001,83631879.95,-164270572.87000006
2016-11-23 00:00:00+00:00,127037999.25999999,2831395.0500000003,1859245.76,1032296.4,82815959.17,-164270572.87000006
2016-11-24 00:00:00+00:00,125684545.19,2925270.18,1836332.52,1024434.5399999999,83511891.60000001,-164270572.87000006
2016-11-25 00:00:00+00:00,126944657.6,2927289.0,1839605.84,1040841.9,83415900.92,-164270572.87000006
2016-11-28 00:00:00+00:00,123117649.53999999,3040342.92,1855972.44,1049729.22,83079933.53999999,-164270572.87000006
2016-11-29 00:00:00+00:00,122090891.28,3176613.27,1844515.8199999998,1030587.3,83127928.88,-164270572.87000006
2016-11-30 00:00:00+00:00,125917899.34,3056493.48,1909982.22,1025118.18,83103931.21000001,-164270572.87000006
2016-12-01 00:00:00+00:00,125871228.50999999,3114029.85,1914892.2000000002,1025801.8200000001,83151926.55,-164270572.87000006
2016-12-02 00:00:00+00:00,123444345.35,3015107.67,1932895.4600000002,1012129.02,81760061.69,-164270572.87000006
2016-12-05 00:00:00+00:00,119010616.5,2888931.42,1918165.52,1002899.88,83055935.87,-164270572.87000006
2016-12-06 00:00:00+00:00,118450566.53999999,2914166.67,1967265.3199999998,1015889.0399999999,84423803.06,-164270572.87000006
2016-12-07 00:00:00+00:00,117330466.62,2916185.49,2049098.3199999998,1020332.7000000001,84471798.4,-164270572.87000006
2016-12-08 00:00:00+00:00,115463633.42000002,2938392.51,2024548.4200000002,1013496.3,87015551.42,-164270572.87000006
2016-12-09 00:00:00+00:00,115790329.23,3046399.38,1981995.26,1017598.14,86775574.72000001,-164270572.87000006
2016-12-12 00:00:00+00:00,108556350.58000001,2956561.89,1895252.28,916077.6,82360003.44,-164270572.87000006
2016-12-13 00:00:00+00:00,107622933.97999999,2907100.8000000003,1901798.9200000002,916077.6,82527987.13,-164270572.87000006
2016-12-14 00:00:00+00:00,104029280.07,2866724.4000000004,1888705.6400000001,916077.6,81376098.97000001,-164270572.87000006
2016-12-15 00:00:00+00:00,104215963.39000002,2809188.0300000003,1931258.8,916077.6,81400096.64,-164270572.87000006
2016-12-16 00:00:00+00:00,104822684.18,2947477.1999999997,1954172.0399999998,916077.6,81064129.26,-164270572.87000006
2016-12-19 00:00:00+00:00,98475451.30000001,2912147.85,1896888.94,916077.6,79816250.42,-164270572.87000006
2016-12-20 00:00:00+00:00,94881797.39000002,2849564.43,1865792.4000000001,916077.6,79240306.34,-164270572.87000006
2016-12-21 00:00:00+00:00,95581859.84,2864705.58,1878885.6800000002,916077.6,78613967.153,-164270572.87000006
2016-12-22 00:00:00+00:00,96188580.63,2864705.58,1898525.5999999999,916077.6,78952334.3,-164270572.87000006
2016-12-23 00:00:00+00:00,94741784.9,2839470.33,1891978.9600000002,916077.6,78520376.24,-164270572.87000006
2016-12-26 00:00:00+00:00,96375263.95,2857639.7100000004,1900162.26,916077.6,79000329.64,-164270572.87000006
2016-12-27 00:00:00+00:00,99968917.86000001,2856630.3000000003,1913255.5399999998,916077.6,79024327.31,-164270572.87000006
2016-12-28 00:00:00+00:00,98942159.6,2833413.87,1890342.3,916077.6,79120317.99,-164270572.87000006
2016-12-29 00:00:00+00:00,97262009.72,2828366.82,1900162.26,916077.6,79432287.7,-164270572.87000006
2016-12-30 00:00:00+00:00,95908555.65,2843507.97,1873975.7000000002,916077.6,80248208.47999999,-164270572.87000006
2017-01-03 00:00:00+00:00,96748630.59,2939401.92,1929622.1400000001,916077.6,79936238.77000001,-164270572.87000006
2017-01-04 00:00:00+00:00,97308680.55000001,3011070.0300000003,1931258.8,916077.6,80992136.25,-164270572.87000006
2017-01-05 00:00:00+00:00,97682047.19,2996938.29,1924712.16,916077.6,81976040.72000001,-164270572.87000006
2017-01-06 00:00:00+00:00,96328593.12,2966655.99,1895252.28,916077.6,81712066.35,-164270572.87000006
2017-01-09 00:00:00+00:00,96421934.78,2952524.25,1891978.9600000002,916077.6,82384001.11,-164270572.87000006
2017-01-10 00:00:00+00:00,96048568.14000002,2945458.38,1924712.16,916077.6,82240015.09,-164270572.87000006
2017-01-11 00:00:00+00:00,95208493.2,2886912.6,1914892.2000000002,916077.6,82240015.09,-164270572.87000006
2017-01-12 00:00:00+00:00,95208493.2,2846536.1999999997,1873975.7000000002,916077.6,81112124.6,-164270572.87000006
2017-01-13 00:00:00+00:00,101789080.22999999,2848555.02,1813419.28,916077.6,79048324.97999999,-164270572.87000006
2017-01-16 00:00:00+00:00,98008743.0,2851583.25,1765956.1400000001,916077.6,75184700.11,-164270572.87000006
2017-01-17 00:00:00+00:00,97075326.4,2918204.31,1787232.72,916077.6,76000620.89,-164270572.87000006
2017-01-18 00:00:00+00:00,97635376.36000001,2941420.74,1782322.74,916077.6,76192602.25,-164270572.87000006
2017-01-19 00:00:00+00:00,96141909.80000001,2904072.57,1769229.4600000002,916077.6,76432578.95,-164270572.87000006
2017-01-20 00:00:00+00:00,96515276.44,2949496.02,1785596.06,916077.6,77488476.42999999,-164270572.87000006
2017-01-23 00:00:00+00:00,96795301.42000002,2923251.36,1795416.02,916077.6,78712357.6,-164270572.87000006
2017-01-24 00:00:00+00:00,96561947.27000001,2937383.1,1788869.38,916077.6,79384292.36,-164270572.87000006
2017-01-25 00:00:00+00:00,96188580.63,2967665.4000000004,1798689.34,916077.6,79648266.72999999,-164270572.87000006
2017-01-26 00:00:00+00:00,96515276.44,3018135.9000000004,1811782.62,916077.6,79336297.02000001,-164270572.87000006
2017-02-03 00:00:00+00:00,96515276.44,3018135.9000000004,1808509.3,916077.6,81064129.26,-164270572.87000006
2017-02-06 00:00:00+00:00,96655288.93,3027220.5900000003,1815055.94,916077.6,81928045.38,-164270572.87000006
2017-02-07 00:00:00+00:00,96328593.12,2992900.6500000004,1808509.3,916077.6,81688068.67999999,-164270572.87000006
2017-02-08 00:00:00+00:00,96561947.27000001,3016117.08,1795416.02,916077.6,81688068.67999999,-164270572.87000006
2017-02-09 00:00:00+00:00,97075326.4,3030248.82,1797052.6800000002,916077.6,81592078.0,-164270572.87000006
2017-02-10 00:00:00+00:00,96421934.78,3040342.92,1806872.6400000001,916077.6,81256110.62,-164270572.87000006
2017-02-13 00:00:00+00:00,96935313.91,3120086.31,1833059.2000000002,916077.6,81664071.01,-164270572.87000006
2017-02-14 00:00:00+00:00,97588705.53,3097879.29,1819965.9200000002,916077.6,81520084.99,-164270572.87000006
2017-02-15 00:00:00+00:00,96468605.61000001,3135227.4600000004,1811782.62,916077.6,82767963.83,-164270572.87000006
2017-02-16 00:00:00+00:00,96515276.44,3233140.23,1823239.24,916077.6,83823861.31,-164270572.87000006
2017-02-17 00:00:00+00:00,95861884.82,3255347.25,1836332.52,916077.6,82144024.41000001,-164270572.87000006
2017-02-20 00:00:00+00:00,96188580.63,3288657.78,1841242.5,916077.6,82192019.75,-164270572.87000006
2017-02-21 00:00:00+00:00,97915401.34,3275535.45,1890342.3,916077.6,81784059.36,-164270572.87000006
2017-02-22 00:00:00+00:00,97542034.7,3336100.05,1865792.4000000001,916077.6,81832054.7,-164270572.87000006
2017-02-23 00:00:00+00:00,97028655.57,3341147.1,1844515.8199999998,916077.6,81736064.02000001,-164270572.87000006
2017-02-24 00:00:00+00:00,96701959.75999999,3267359.229,1842879.16,916077.6,81496087.32000001,-164270572.87000006
2017-02-27 00:00:00+00:00,95768543.16,3190745.01,1833059.2000000002,916077.6,81736064.02000001,-164270572.87000006
2017-02-28 00:00:00+00:00,95815213.99000001,3215980.26,1854335.78,916077.6,81832054.7,-164270572.87000006
2017-03-01 00:00:00+00:00,95675201.5,3233140.23,1859245.76,916077.6,81928045.38,-164270572.87000006
2017-03-02 00:00:00+00:00,94928468.22,3178632.0900000003,1833059.2000000002,916077.6,81088126.92999999,-164270572.87000006
2017-03-03 00:00:00+00:00,94275076.6,3201848.52,1833059.2000000002,916077.6,81232112.95,-164270572.87000006
2017-03-06 00:00:00+00:00,94368418.25999999,3319949.49,1837969.1800000002,916077.6,81136122.27000001,-164270572.87000006
2017-03-07 00:00:00+00:00,94555101.58000001,3332062.4099999997,1826512.56,916077.6,82935947.52000001,-164270572.87000006
2017-03-08 00:00:00+00:00,96701959.75999999,3359316.48,1816692.5999999999,916077.6,82575982.47000001,-164270572.87000006
2017-03-09 00:00:00+00:00,95721872.33000001,3322977.72,1797052.6800000002,916077.6,82791961.5,-164270572.87000006
2017-03-10 00:00:00+00:00,96141909.80000001,3454201.02,1798689.34,916077.6,82863954.51,-164270572.87000006
2017-03-13 00:00:00+00:00,96655288.93,3421899.9,1805235.98,916077.6,85167730.83,-164270572.87000006
2017-03-14 00:00:00+00:00,100668980.31,3434012.8200000003,1800326.0,916077.6,84951751.8,-164270572.87000006
2017-03-15 00:00:00+00:00,99362197.07,3474389.22,1801962.66,916077.6,88431413.95,-164270572.87000006
2017-03-16 00:00:00+00:00,99268855.41,3429975.1800000006,1813419.28,916077.6,96014677.67,-164270572.87000006
2017-03-17 00:00:00+00:00,100528967.82,3372438.8100000005,1788869.38,916077.6,94454829.12,-164270572.87000006
2017-03-20 00:00:00+00:00,98615463.78999999,3379504.6800000006,1782322.74,916077.6,97742509.91000001,-164270572.87000006
2017-03-21 00:00:00+00:00,98848817.94,3463285.7100000004,1790506.0399999998,916077.6,95534724.27000001,-164270572.87000006
2017-03-22 00:00:00+00:00,98335438.81,3468332.76,1774139.44,916077.6,96494631.07000001,-164270572.87000006
2017-03-23 00:00:00+00:00,100108930.35,3507699.75,1775776.0999999999,916077.6,95750703.3,-164270572.87000006
2017-03-24 00:00:00+00:00,100295613.67000002,3524859.72,1785596.06,916077.6,100022288.56,-164270572.87000006
2017-03-27 00:00:00+00:00,98942159.6,3447135.15,1785596.06,916077.6,98918395.74,-164270572.87000006
2017-03-28 00:00:00+00:00,99268855.41,3426946.95,1780686.08,916077.6,97862498.26,-164270572.87000006
2017-03-29 00:00:00+00:00,98055413.83000001,3411805.8,1770866.12,916077.6,98270458.65,-164270572.87000006
2017-03-30 00:00:00+00:00,95815213.99000001,3344175.33,1749589.5399999998,916077.6,97166565.83,-164270572.87000006
2017-03-31 00:00:00+00:00,96048568.14000002,3361335.3,1767592.8,916077.6,95510726.60000001,-164270572.87000006
2017-04-05 00:00:00+00:00,96048568.14000002,3350231.7899999996,1793779.36,916077.6,96998582.14,-164270572.87000006
2017-04-06 00:00:00+00:00,97028655.57,3420890.49,1790506.0399999998,916077.6,95294747.57000001,-164270572.87000006
2017-04-07 00:00:00+00:00,97075326.4,3396664.65,1792142.7000000002,916077.6,96206659.03,-164270572.87000006
2017-04-10 00:00:00+00:00,96141909.80000001,3320958.9,1772502.78,916077.6,96902591.46000001,-164270572.87000006
2017-04-11 00:00:00+00:00,96608618.1,3270488.4,1777412.76,916077.6,97118570.49,-164270572.87000006
2017-04-12 00:00:00+00:00,98102084.66,3270488.4,1770866.12,916077.6,96110668.35000001,-164270572.87000006
2017-04-13 00:00:00+00:00,97728718.02000001,3327015.36,1772502.78,916077.6,95654712.62,-164270572.87000006
2017-04-14 00:00:00+00:00,96328593.12,3294714.24,1752862.86,916077.6,95078768.53999999,-164270572.87000006
2017-04-17 00:00:00+00:00,95955226.47999999,3349222.38,1736496.26,916077.6,95774700.97000001,-164270572.87000006
2017-04-18 00:00:00+00:00,95535189.00999999,3440069.28,1733222.94,916077.6,98870400.4,-164270572.87000006
2017-04-19 00:00:00+00:00,95815213.99000001,3455210.4300000006,1711946.36,916077.6,97862498.26,-164270572.87000006
2017-04-20 00:00:00+00:00,96281922.28999999,3482464.5,1710309.7000000002,916077.6,100886204.67999999,-164270572.87000006
2017-04-21 00:00:00+00:00,96515276.44,3455210.4300000006,1710309.7000000002,916077.6,103093990.32000001,-164270572.87000006
2017-04-24 00:00:00+00:00,95348505.69,3343165.92,1675939.84,916077.6,93686903.67999999,-164270572.87000006
2017-04-25 00:00:00+00:00,95908555.65,3456219.8400000003,1677576.5,916077.6,96686612.42999999,-164270572.87000006
2017-04-26 00:00:00+00:00,95021809.88,3462276.3000000003,1669393.2000000002,916077.6,97598523.89,-164270572.87000006
2017-04-27 00:00:00+00:00,92221560.08000001,3436031.64,1656299.9200000002,916077.6,96278652.03999999,-164270572.87000006
2017-04-28 00:00:00+00:00,91008118.5,3397674.0600000005,1656299.9200000002,916077.6,98390447.0,-164270572.87000006
2017-05-02 00:00:00+00:00,89607993.6,3524859.72,1702126.4000000001,916077.6,96494631.07000001,-164270572.87000006
2017-05-03 00:00:00+00:00,88021185.38,3552113.7899999996,1698853.08,916077.6,95534724.27000001,-164270572.87000006
2017-05-04 00:00:00+00:00,88767918.66,3563217.3000000003,1684123.1400000001,824469.8400000001,95342742.91000001,-164270572.87000006
2017-05-05 00:00:00+00:00,88161197.87,3649017.15,1656299.9200000002,751662.18,94790796.5,-164270572.87000006
2017-05-08 00:00:00+00:00,86201023.00999999,3601574.88,1653026.5999999999,733203.9,92079059.78999999,-164270572.87000006
2017-05-09 00:00:00+00:00,86901085.46000001,3563217.3000000003,1661209.9000000001,738331.2000000001,91839083.09,-164270572.87000006
2017-05-10 00:00:00+00:00,87134439.61000001,3548076.15,1664483.22,712011.06,91071157.65,-164169631.87000006
2017-05-11 00:00:00+00:00,89794676.92000002,3615706.62,1671029.86,696287.3400000001,88623395.31,-164169631.87000006
2017-05-12 00:00:00+00:00,90541410.2,3608640.75,1680849.8199999998,682272.72,88791379.0,-164169631.87000006
2017-05-15 00:00:00+00:00,90261385.22,3564226.7100000004,1702126.4000000001,686716.38,90639199.59,-164169631.87000006
2017-05-16 00:00:00+00:00,89748006.09,3565236.12,1705399.72,722949.3,92774992.22000001,-164169631.87000006
2017-05-17 00:00:00+00:00,89327968.62,3469342.17,1726676.3,723632.9400000001,92151052.8,-164169631.87000006
2017-05-18 00:00:00+00:00,88861260.32,3480445.6800000006,1708673.0399999998,711669.24,91167148.33,-164169631.87000006
2017-05-19 00:00:00+00:00,89467981.11000001,3587443.14,1718493.0,710985.6,91191146.0,-164169631.87000006
2017-05-22 00:00:00+00:00,89001272.81,3655073.61,1734859.5999999999,698680.0800000001,91215143.67,-164169631.87000006
2017-05-23 00:00:00+00:00,89748006.09,3666177.12,1705399.72,673043.5800000001,90471215.9,-164169631.87000006
2017-05-24 00:00:00+00:00,89561322.77000001,3644979.51,1718493.0,675094.5,90495213.57000001,-164169631.87000006
2017-05-25 00:00:00+00:00,95675201.5,3566245.53,1741406.24,690134.5800000001,90879176.28999999,-164169631.87000006
2017-05-26 00:00:00+00:00,95908555.65,3600565.47,1729949.62,737305.74,91167148.33,-164169631.87000006
2017-05-31 00:00:00+00:00,99222184.58000001,3645988.92,1739769.58,728076.6,93182952.61,-164169631.87000006
2017-06-01 00:00:00+00:00,98428780.47,3684346.5,1669393.2000000002,721923.8400000001,88887369.67999999,-164169631.87000006
2017-06-02 00:00:00+00:00,97775388.85,3673242.99,1690669.78,726367.5,89511309.10000001,-164169631.87000006
2017-06-05 00:00:00+00:00,98475451.30000001,3673242.99,1703763.06,726367.5,90327229.88,-164169631.87000006
2017-06-06 00:00:00+00:00,97402022.21000001,3835758.0,1710309.7000000002,727734.78,91287136.67999999,-164169631.87000006
2017-06-07 00:00:00+00:00,97402022.21000001,3906416.7,1729949.62,734913.0,92271041.15,-164158175.25000006
2017-06-08 00:00:00+00:00,97402022.21000001,4062875.25,1721766.3199999998,722265.6599999999,93542917.66000001,-164158175.25000006
2017-06-09 00:00:00+00:00,97402022.21000001,4067922.3000000003,1752862.86,730811.1599999999,92798989.89,-164158175.25000006
2017-06-12 00:00:00+00:00,101275701.1,4084072.86,1831422.5399999998,716112.9,96686612.42999999,-164158175.25000006
2017-06-13 00:00:00+00:00,102675826.0,4053790.5600000005,1821602.58,720898.38,96230656.7,-164158175.25000006
2017-06-14 00:00:00+00:00,99642222.05000001,3946793.1,1818329.26,730469.3400000001,95870691.65,-164158175.25000006
2017-06-15 00:00:00+00:00,98195426.32,4007357.7,1805235.98,735254.8200000001,95990680.0,-164158175.25000006
2017-06-16 00:00:00+00:00,97728718.02000001,3942755.4600000004,1806872.6400000001,730469.3400000001,95150761.55,-164158175.25000006
2017-06-19 00:00:00+00:00,97915401.34,4071959.9400000004,1811782.62,735596.64,94574817.47000001,-164158175.25000006
2017-06-20 00:00:00+00:00,98148755.49000001,4126468.08,1801962.66,730127.52,93278943.28999999,-164158175.25000006
2017-06-21 00:00:00+00:00,98195426.32,4319265.39,1821602.58,728418.4199999999,95654712.62,-164158175.25000006
2017-06-22 00:00:00+00:00,102115776.03999999,4289992.5,1772502.78,694578.24,95654712.62,-164158175.25000006
2017-06-23 00:00:00+00:00,112336687.81,4489855.680000001,1775776.0999999999,693552.78,96230656.7,-164158175.25000006
2017-06-26 00:00:00+00:00,123584357.84,4466639.25,1823239.24,713036.52,96182661.36,-164158175.25000006
2017-06-27 00:00:00+00:00,119197299.82,4441404.0,1818329.26,725683.86,95942684.66000001,-164158175.25000006
2017-06-28 00:00:00+00:00,116677075.0,4318255.98,1788869.38,713378.3400000001,95198756.89,-164158175.25000006
2017-06-29 00:00:00+00:00,117423808.28,4356613.5600000005,1852699.12,725342.0399999999,95990680.0,-164158175.25000006
2017-06-30 00:00:00+00:00,116537062.50999999,4344500.64,1841242.5,732520.26,95870691.65,-164158175.25000006
2017-07-03 00:00:00+00:00,114670229.31,4219333.800000001,1849425.8,751320.36,94646810.47999999,-164158175.25000006
2017-07-04 00:00:00+00:00,111356600.38,4189051.5,1815055.94,747902.1599999999,94334840.77000001,-164158175.25000006
2017-07-05 00:00:00+00:00,114530216.82,4334406.54,1829785.88,748585.8,94526822.13,-164158175.25000006
2017-07-06 00:00:00+00:00,113036750.25999999,4300086.600000001,1798689.34,755422.2000000001,92559013.19,-164158175.25000006
2017-07-07 00:00:00+00:00,115090266.78,4202173.83,1792142.7000000002,749269.4400000001,92367031.83,-164158175.25000006
2017-07-10 00:00:00+00:00,114016837.69,4175929.17,1774139.44,749269.4400000001,93038966.59,-164158175.25000006
2017-07-11 00:00:00+00:00,115510304.25,4335415.95,1787232.72,756105.8400000001,92127055.13,-164158175.25000006
2017-07-12 00:00:00+00:00,118823933.18,4209239.7,1783959.4000000001,762258.6,93062964.26,-164158175.25000006
2017-07-13 00:00:00+00:00,114016837.69,4238512.59,1805235.98,838484.4600000001,90735190.27000001,-164158175.25000006
2017-07-14 00:00:00+00:00,114763570.97,4256681.97,1833059.2000000002,809429.76,89799281.14,-164158175.25000006
2017-07-17 00:00:00+00:00,114763570.97,4205202.0600000005,1767592.8,800884.26,86775574.72000001,-164158175.25000006
2017-07-18 00:00:00+00:00,118077199.9,4138581.0,1788869.38,835749.9,84495796.07000001,-164158175.25000006
2017-07-19 00:00:00+00:00,117330466.62,4160788.02,1739769.58,865488.24,86319618.99,-164158175.25000006
2017-07-20 00:00:00+00:00,118310554.05000001,4264757.25,1725039.6400000001,852499.0800000001,86679584.03999999,-164158175.25000006
2017-07-21 00:00:00+00:00,115650316.74000001,4229427.899999999,1729949.62,834724.4400000001,86583593.36,-164158175.25000006
2017-07-24 00:00:00+00:00,111076575.4,4382858.22,1718493.0,841219.02,86583593.36,-164158175.25000006
2017-07-25 00:00:00+00:00,108556350.58000001,4382858.22,1729949.62,820709.8200000001,86295621.32000001,-164158175.25000006
2017-07-26 00:00:00+00:00,109303083.86000001,4273841.94,1729949.62,820026.18,85815667.92,-164158175.25000006
2017-07-27 00:00:00+00:00,107342909.0,4158769.2,1759409.5,825495.3,85791670.25,-164158175.25000006
2017-07-28 00:00:00+00:00,110283171.28999999,4178957.4,1770866.12,807037.02,85839665.59,-164158175.25000006
2017-07-31 00:00:00+00:00,109069729.71000001,4158769.2,1947625.4000000001,826520.76,89343325.41000001,-164158175.25000006
2017-08-01 00:00:00+00:00,109303083.86000001,4157759.7899999996,2014728.4600000002,815240.7000000001,88575399.97000001,-164158175.25000006
2017-08-02 00:00:00+00:00,110049817.14000002,4118392.8000000003,1996725.2000000002,807037.02,87423511.81,-164158175.25000006
2017-08-03 00:00:00+00:00,107856288.13,4045715.28,1963992.0,786186.0,87063546.76,-164158175.25000006
2017-08-04 00:00:00+00:00,106596175.72,3982122.45,1963992.0,762600.4199999999,86895563.07000001,-164158175.25000006
2017-08-07 00:00:00+00:00,105989454.93,4066912.89,1942715.4200000002,778665.9600000001,87039549.09,-164158175.25000006
2017-08-08 00:00:00+00:00,106269479.91,4035621.1800000006,1967265.3199999998,794731.5,86871565.4,-164158175.25000006
2017-08-09 00:00:00+00:00,107109554.85,4118392.8000000003,1983631.9200000002,786869.64,88791379.0,-164158175.25000006
2017-08-10 00:00:00+00:00,106409492.4,4123439.85,1944352.08,774905.9400000001,87903465.21000001,-164158175.25000006
2017-08-11 00:00:00+00:00,102769167.66,4001301.24,1872339.0399999998,756105.8400000001,87687486.17999999,-164158175.25000006
2017-08-14 00:00:00+00:00,102442471.85,4049752.92,1911618.88,769778.64,87999455.89,-164158175.25000006
2017-08-15 00:00:00+00:00,102769167.66,4014423.5700000003,1911618.88,769095.0,87807474.53,-164158175.25000006
2017-08-16 00:00:00+00:00,102022434.38,3941746.0500000003,1975448.62,782084.1599999999,89295330.07000001,-164158175.25000006
2017-08-17 00:00:00+00:00,102302459.36000001,3969000.12,1975448.62,785502.36,89559304.44,-164158175.25000006
2017-08-18 00:00:00+00:00,106502834.06,3949821.33,1975448.62,782084.1599999999,91143150.66000001,-164158175.25000006
2017-08-21 00:00:00+00:00,105569417.46000001,4008367.11,1975448.62,822418.92,91143150.66000001,-164158175.25000006
2017-08-22 00:00:00+00:00,108322996.43,4083063.45,1988541.9000000001,833015.3400000001,90327229.88,-164158175.25000006
2017-08-23 00:00:00+00:00,108463008.92000002,4119402.2100000004,1941078.76,830964.42,89535306.77000001,-164158175.25000006
2017-08-24 00:00:00+00:00,107762946.47,4191070.3200000003,1906708.9000000001,800884.26,89583302.11,-164158175.25000006
2017-08-25 00:00:00+00:00,108276325.6,4229427.899999999,1921438.84,806011.56,89655295.12,-164158175.25000006
2017-08-28 00:00:00+00:00,112056662.83000001,4266776.07,1954172.0399999998,799516.98,89631297.45,-164158175.25000006
2017-08-29 00:00:00+00:00,109023058.88,4209239.7,1939442.0999999999,799516.98,89055353.37,-160471179.68000007
2017-08-30 00:00:00+00:00,108463008.92000002,4237503.180000001,1941078.76,785502.36,89295330.07000001,-160471179.68000007
2017-08-31 00:00:00+00:00,108416338.09,4138581.0,1949262.06,805327.9199999999,88767381.33,-160471179.68000007
2017-09-01 00:00:00+00:00,106782859.03999999,4122430.4400000004,1926348.8199999998,794389.68,88623395.31,-160471179.68000007
2017-09-04 00:00:00+00:00,107156225.68,4174919.76,1914892.2000000002,791996.9400000001,87735481.52000001,-160471179.68000007
2017-09-05 00:00:00+00:00,110889892.08000001,4179966.8100000005,1908345.56,788920.56,89031355.7,-160471179.68000007
2017-09-06 00:00:00+00:00,111076575.4,4135552.77,1913255.5399999998,789946.02,88575399.97000001,-160471179.68000007
2017-09-07 00:00:00+00:00,121204145.50999999,4135552.77,1893615.62,807037.02,87903465.21000001,-160471179.68000007
2017-09-08 00:00:00+00:00,120364070.57,4137571.5900000003,1911618.88,826178.9400000001,88167439.58,-160471179.68000007
2017-09-11 00:00:00+00:00,117983858.24000001,4068931.7100000004,1952535.38,816266.1599999999,88719385.99,-160471179.68000007
2017-09-12 00:00:00+00:00,117890516.58000001,4059847.02,1959082.02,819684.36,88671390.65,-160471179.68000007
2017-09-13 00:00:00+00:00,120224058.08000001,4157759.7899999996,1963992.0,815240.7000000001,88503406.96000001,-160471179.68000007
2017-09-14 00:00:00+00:00,128624807.48,4128486.9,1937805.44,896935.68,90639199.59,-160471179.68000007
2017-09-15 00:00:00+00:00,136745531.9,4242550.23,1926348.8199999998,867880.98,91743092.41000001,-160471179.68000007
2017-09-18 00:00:00+00:00,130865007.32,4242550.23,1963992.0,868906.4400000001,91599106.39,-160471179.68000007
2017-09-19 00:00:00+00:00,134271977.91,4239522.0,1949262.06,870615.5399999999,91719094.74,-160471179.68000007
2017-09-20 00:00:00+00:00,134085294.59,4369735.89,2072011.56,881211.9600000001,92127055.13,-160471179.68000007
2017-09-21 00:00:00+00:00,132545157.2,4350557.100000001,2127658.0,909241.2000000001,90543208.91000001,-160471179.68000007
2017-09-22 00:00:00+00:00,129791578.23,4451498.100000001,2091651.4800000002,939663.18,90279234.53999999,-160471179.68000007
2017-09-25 00:00:00+00:00,121904207.96000001,4349547.69,2094924.8,925990.38,90975166.97000001,-160471179.68000007
2017-09-26 00:00:00+00:00,124891141.08000001,4308161.88,2044188.34,914368.5,91407125.03,-160471179.68000007
2017-09-27 00:00:00+00:00,125264507.72,4422225.21,2029458.4000000001,921204.9,90063255.51,-160471179.68000007
2017-09-28 00:00:00+00:00,123257662.03,4383867.63,2142387.94,961881.48,90111250.85000001,-160471179.68000007
2017-09-29 00:00:00+00:00,122510928.75,4460582.79,2144024.6,970768.8,90183243.86,-160471179.68000007
2017-10-09 00:00:00+00:00,123537687.00999999,4690728.27,2266774.1,970768.8,93950878.05,-160471179.68000007
2017-10-10 00:00:00+00:00,124097736.97,4709907.0600000005,2284777.3600000003,970768.8,96206659.03,-160471179.68000007
2017-10-11 00:00:00+00:00,125404520.21000001,4754321.100000001,2324057.2,970768.8,95870691.65,-160471179.68000007
2017-10-12 00:00:00+00:00,126477949.30000001,4812866.88,2306053.94,970768.8,95702707.96000001,-160471179.68000007
2017-10-13 00:00:00+00:00,125684545.19,4812866.88,2355153.74,970768.8,95294747.57000001,-160471179.68000007
2017-10-16 00:00:00+00:00,122790953.73,4728076.44,2278230.72,970768.8,94934782.52000001,-160471179.68000007
2017-10-17 00:00:00+00:00,122324245.43,4860309.149999999,2301143.96,970768.8,94958780.19,-160471179.68000007
2017-10-18 00:00:00+00:00,123351003.69,4918854.930000001,2291324.0,970768.8,97214561.17,-160471179.68000007
2017-10-19 00:00:00+00:00,121577512.15,4908760.83,2216037.64,970768.8,97094572.82000001,-160471179.68000007
2017-10-20 00:00:00+00:00,122090891.28,4808829.24,2245497.52,970768.8,98054479.62,-160471179.68000007
2017-10-23 00:00:00+00:00,121017462.19,4807819.83,2306053.94,970768.8,97070575.15,-160471179.68000007
2017-10-24 00:00:00+00:00,126011241.0,4904723.19,2255317.48,970768.8,97910493.60000001,-160471179.68000007
2017-10-25 00:00:00+00:00,128018086.69,5087426.399999999,2253680.82,970768.8,98966391.08,-160471179.68000007
2017-10-26 00:00:00+00:00,128484794.99000001,5043012.36,2364973.7,970768.8,100334258.27000001,-160471179.68000007
2017-10-27 00:00:00+00:00,128344782.5,5119727.52,2374793.66,970768.8,100382253.61,-160471179.68000007
2017-10-30 00:00:00+00:00,135252065.34,5224706.16,2400980.22,970768.8,98582428.36,-160471179.68000007
2017-10-31 00:00:00+00:00,135158723.68,5147991.0,2363337.04,970768.8,101006193.03,-160471179.68000007
2017-11-01 00:00:00+00:00,136045469.45000002,5108624.01,2373157.0,970768.8,100286262.92999999,-160471179.68000007
2017-11-02 00:00:00+00:00,137445594.35,5172216.84,2294597.32,970768.8,101174176.72000001,-160471179.68000007
2017-11-03 00:00:00+00:00,131565069.77000001,5112661.649999999,2268410.76,970768.8,100814211.67,-160471179.68000007
2017-11-06 00:00:00+00:00,128158099.18,5318581.29,2361700.38,970768.8,102230074.2,-160471179.68000007
2017-11-07 00:00:00+00:00,129978261.55000001,5324637.75,2409163.52,970768.8,100550237.3,-160471179.68000007
2017-11-08 00:00:00+00:00,128998174.12,5196442.680000001,2337150.48,970768.8,97214561.17,-160471179.68000007
2017-11-09 00:00:00+00:00,129138186.61000001,5309496.600000001,2340423.8000000003,970768.8,96182661.36,-160471179.68000007
2017-11-10 00:00:00+00:00,128391453.33000001,5390249.399999999,2312600.58,970768.8,98438442.34,-160471179.68000007
2017-11-13 00:00:00+00:00,126291265.98,5421541.11,2165301.18,970768.8,100382253.61,-160471179.68000007
2017-11-14 00:00:00+00:00,133011865.5,5280223.71,2142387.94,970768.8,99590330.5,-160471179.68000007
2017-11-15 00:00:00+00:00,132731840.52000001,5277195.48,2085104.84,970768.8,97190563.5,-160471179.68000007
2017-11-16 00:00:00+00:00,135065382.02,5337760.08,2083468.1800000002,970768.8,98414444.67,-160471179.68000007
2017-11-17 00:00:00+00:00,134878698.70000002,5415484.649999999,2027821.74,970768.8,97358547.19,-160471179.68000007
2017-11-20 00:00:00+00:00,134878698.70000002,5513397.420000001,2029458.4000000001,970768.8,97766507.58,-160471179.68000007
2017-11-21 00:00:00+00:00,148366568.57,5820258.0600000005,2065464.9200000002,970768.8,98918395.74,-160471179.68000007
2017-11-22 00:00:00+00:00,151680197.5,5696100.63,2031095.06,970768.8,98966391.08,-160471179.68000007
2017-11-23 00:00:00+00:00,146079697.9,5394287.04,1980358.5999999999,970768.8,97286554.17999999,-160471179.68000007
2017-11-24 00:00:00+00:00,148413239.4,5460908.100000001,1954172.0399999998,970768.8,96038675.34,-160471179.68000007
2017-11-27 00:00:00+00:00,147106456.16,5313534.24,1947625.4000000001,970768.8,95006775.53,-160471179.68000007
2017-11-28 00:00:00+00:00,143512802.25,5308487.19,1968901.9800000002,970768.8,94886787.17999999,-160471179.68000007
2017-11-29 00:00:00+00:00,157840747.06,5158085.100000001,1981995.26,970768.8,95678710.28999999,-160471179.68000007
2017-11-30 00:00:00+00:00,145706331.26000002,5166160.38,1950898.72,970768.8,95966682.33,-160471179.68000007
2017-12-01 00:00:00+00:00,143419460.59,5105595.78,1965628.66,970768.8,95030773.2,-160471179.68000007
2017-12-04 00:00:00+00:00,143979510.55,5198461.5,1972175.3,970768.8,95726705.63,-160471179.68000007
2017-12-05 00:00:00+00:00,144819585.49,5267101.38,1944352.08,970768.8,95894689.32000001,-160471179.68000007
2017-12-06 00:00:00+00:00,143606143.91,5142943.95,2018001.78,970768.8,96902591.46000001,-160471179.68000007
2017-12-07 00:00:00+00:00,139779135.85,4959231.33,1998361.86,970768.8,97406542.53,-160471179.68000007
2017-12-08 00:00:00+00:00,139172415.06,5090454.63,2022911.76,970768.8,98174467.97000001,-160471179.68000007
2017-12-11 00:00:00+00:00,139685794.19,5412456.420000001,2063828.26,970768.8,99062381.76,-160471179.68000007
2017-12-12 00:00:00+00:00,138005644.31,5380155.300000001,2013091.8,970768.8,98966391.08,-160471179.68000007
2017-12-13 00:00:00+00:00,139732465.02,5541660.899999999,1973811.9600000002,970768.8,98294456.32000001,-160471179.68000007
2017-12-14 00:00:00+00:00,140525869.13,5501284.5,2045825.0,970768.8,97934491.27000001,-160471179.68000007
2017-12-15 00:00:00+00:00,135858786.13,5420531.7,2054008.3,970768.8,97598523.89,-160471179.68000007
2017-12-18 00:00:00+00:00,132825182.18,5584056.12,2006545.16,970768.8,94694805.82000001,-160471179.68000007
2017-12-19 00:00:00+00:00,136092140.28,5596169.04,2026185.08,970768.8,94190854.75,-160471179.68000007
2017-12-20 00:00:00+00:00,133478573.80000001,5558820.87,2090014.8199999998,970768.8,94070866.4,-160471179.68000007
2017-12-21 00:00:00+00:00,138705706.76,5646639.54,2088378.16,970768.8,94094864.07000001,-160471179.68000007
2017-12-22 00:00:00+00:00,139312427.55,5711241.78,2086741.5,970768.8,94406833.78,-160471179.68000007
2017-12-25 00:00:00+00:00,141739310.71,5841455.670000001,2026185.08,970768.8,94334840.77000001,-160471179.68000007
2017-12-26 00:00:00+00:00,142346031.5,5682978.300000001,2049098.3199999998,970768.8,93830889.7,-160471179.68000007
2017-12-27 00:00:00+00:00,143699485.57,5490180.99,1993451.88,970768.8,96278652.03999999,-160471179.68000007
2017-12-28 00:00:00+00:00,143279448.1,5607272.550000001,1993451.88,970768.8,96494631.07000001,-160471179.68000007
2017-12-29 00:00:00+00:00,144959597.98000002,5595159.63,2011455.1400000001,970768.8,97862498.26,-160471179.68000007
2018-01-02 00:00:00+00:00,151960222.48000002,5691053.58,2047461.66,970768.8,98174467.97000001,-160471179.68000007
2018-01-03 00:00:00+00:00,150886793.39,5632507.800000001,2052371.6400000001,970768.8,100814211.67,-160471179.68000007
2018-01-04 00:00:00+00:00,154573788.95999998,5782909.89,2062191.5999999999,970768.8,100406251.28,-160471179.68000007
2018-01-05 00:00:00+00:00,162227805.07999998,5850540.36,2031095.06,970768.8,103573943.72000001,-160471179.68000007
2018-01-08 00:00:00+00:00,167968317.17000002,5820258.0600000005,2022911.76,970768.8,103597941.39,-160471179.68000007
2018-01-09 00:00:00+00:00,167268254.72000003,6003970.680000001,2037641.7000000002,970768.8,104365866.83,-160471179.68000007
2018-01-10 00:00:00+00:00,166474850.61,6112986.96,2075284.88,970768.8,103621939.06,-160471179.68000007
2018-01-11 00:00:00+00:00,164047967.45,6018102.420000001,2140751.28,970768.8,103237976.34,-160471179.68000007
2018-01-12 00:00:00+00:00,165914800.65,6137212.800000001,2117838.04,970768.8,103933908.77000001,-160471179.68000007
2018-01-15 00:00:00+00:00,173102108.47000003,6173551.5600000005,2158754.54,970768.8,105349771.3,-160471179.68000007
2018-01-16 00:00:00+00:00,187616736.60000002,6166485.69,2247134.18,970768.8,105421764.31,-160471179.68000007
2018-01-17 00:00:00+00:00,185609890.91000003,5930283.75,2242224.2,970768.8,104245878.47999999,-160471179.68000007
2018-01-18 00:00:00+00:00,185563220.07999998,5950471.95,2234040.9,970768.8,102686029.92999999,-160471179.68000007
2018-01-19 00:00:00+00:00,183976411.86,5871737.97,2186577.76,873691.92,102997999.64,-160471179.68000007
2018-01-22 00:00:00+00:00,184489790.99,6200805.63,2265137.44,818317.0800000001,103501950.71000001,-160471179.68000007
2018-01-23 00:00:00+00:00,191257061.34000003,6270454.920000001,2224220.94,800542.4400000001,103549946.05,-160471179.68000007
2018-01-24 00:00:00+00:00,191957123.79000002,6097845.8100000005,2252044.16,807378.8400000001,104413862.17,-160471179.68000007
2018-01-25 00:00:00+00:00,187616736.60000002,6187683.300000001,2217674.3000000003,809087.9400000001,109573361.22000001,-160471179.68000007
2018-01-26 00:00:00+00:00,186870003.32,6258342.0,2186577.76,836091.72,110149305.3,-160471179.68000007
2018-01-29 00:00:00+00:00,180009391.31,6043337.670000001,2189851.08,809429.76,108829433.45,-160471179.68000007
2018-01-30 00:00:00+00:00,169695137.88,5931293.16,2202944.3600000003,759182.22,108613454.42,-160471179.68000007
2018-01-31 00:00:00+00:00,175295637.48000002,6038290.62,2158754.54,717138.36,112261100.26,-160471179.68000007
2018-02-01 00:00:00+00:00,175015612.5,5989838.94,2042551.6800000002,675094.5,111325191.13,-160471179.68000007
2018-02-02 00:00:00+00:00,174455562.54000002,6046365.899999999,2039278.36,653901.6599999999,104725831.88,-160471179.68000007
2018-02-05 00:00:00+00:00,172635400.17000002,5785938.12,2055644.9600000002,640228.86,102302067.21000001,-160471179.68000007
2018-02-06 00:00:00+00:00,167174913.06,5602225.5,1932895.4600000002,576308.52,97286554.17999999,-160471179.68000007
2018-02-07 00:00:00+00:00,153920397.34000003,5328675.39,1955808.7000000002,592715.88,98102474.96000001,-160471179.68000007
2018-02-08 00:00:00+00:00,152846968.25,5427597.57,2024548.4200000002,603312.3,98558430.69,-160471179.68000007
2018-02-09 00:00:00+00:00,145939685.41,5246913.180000001,1934532.12,625188.78,94046868.72999999,-160471179.68000007
2018-02-12 00:00:00+00:00,148879947.70000002,5493209.22,1959082.02,645014.3400000001,95462731.26,-160471179.68000007
2018-02-13 00:00:00+00:00,152748959.507,5583046.71,1968901.9800000002,655610.76,98366449.33,-160471179.68000007
2018-02-14 00:00:00+00:00,154807143.11,5745561.72,1963992.0,687058.2000000001,98534433.02000001,-160471179.68000007
2018-02-22 00:00:00+00:00,157280697.10000002,5868709.74,1999998.52,680905.4400000001,99470342.15,-160471179.68000007
2018-02-23 00:00:00+00:00,162041121.76,5809154.550000001,1995088.5399999998,660738.06,100550237.3,-160471179.68000007
2018-02-26 00:00:00+00:00,159520896.94,5824295.7,2050734.9800000002,654585.3,100454246.62,-160471179.68000007
2018-02-27 00:00:00+00:00,153547030.7,5511378.600000001,2042551.6800000002,720214.74,100238267.59,-160471179.68000007
2018-02-28 00:00:00+00:00,152613614.10000002,5546707.95,2045825.0,707909.22,99062381.76,-160471179.68000007
2018-03-01 00:00:00+00:00,151255492.947,5612319.600000001,2062191.5999999999,740723.9400000001,96950586.8,-160471179.68000007
2018-03-02 00:00:00+00:00,150653439.24,5674903.02,2083468.1800000002,773880.48,97358547.19,-160471179.68000007
2018-03-05 00:00:00+00:00,150186730.94,5654714.82,2096561.4600000002,836091.72,96686612.42999999,-160471179.68000007
2018-03-06 00:00:00+00:00,157140684.61,5672884.2,2117838.04,799175.1599999999,97670516.9,-160471179.68000007
2018-03-07 00:00:00+00:00,153547030.7,5678940.66,2076921.5399999998,803960.64,102038092.84,-160471179.68000007
2018-03-08 00:00:00+00:00,157000672.12,5972678.97,2062191.5999999999,815924.3400000001,103117987.99,-160471179.68000007
2018-03-09 00:00:00+00:00,156160597.18,6047375.3100000005,2160391.2,830280.78,103477953.03999999,-160471179.68000007
2018-03-12 00:00:00+00:00,152235580.377,6130146.930000001,2212764.32,820026.18,107293582.57000001,-160471179.68000007
2018-03-13 00:00:00+00:00,151582188.757,6163457.46,2211127.66,807037.02,106501659.46000001,-160471179.68000007
2018-03-14 00:00:00+00:00,152613614.10000002,6096836.399999999,2191487.74,810455.22,108445470.72999999,-160471179.68000007
2018-03-15 00:00:00+00:00,152422263.697,6198786.8100000005,2227494.26,778665.9600000001,108037510.34,-160471179.68000007
2018-03-16 00:00:00+00:00,152286918.29000002,6025168.29,2176757.8000000003,830964.42,108709445.10000001,-160471179.68000007
2018-03-19 00:00:00+00:00,147386481.14000002,6013055.37,2189851.08,813873.4199999999,110845237.72999999,-160471179.68000007
2018-03-20 00:00:00+00:00,146266381.22,5989838.94,2162027.8600000003,842586.3,110677254.03999999,-160471179.68000007
2018-03-21 00:00:00+00:00,147759847.78,5882841.48,2162027.8600000003,820709.8200000001,109981321.61,-160471179.68000007
2018-03-22 00:00:00+00:00,145519647.94,5743542.899999999,2304417.28,819342.5399999999,108661449.76,-160471179.68000007
2018-03-23 00:00:00+00:00,145006268.81,5676921.84,2152207.9,743116.68,107101601.21000001,-160471179.68000007
2018-03-26 00:00:00+00:00,141552627.39000002,5579009.07,2214400.98,769778.64,108661449.76,-160471179.68000007
2018-03-27 00:00:00+00:00,144772914.66,5512388.01,2265137.44,784818.72,113916939.49,-160471179.68000007
2018-03-28 00:00:00+00:00,146219710.39000002,5361985.920000001,2234040.9,816949.8,112645062.97999999,-160471179.68000007
2018-03-29 00:00:00+00:00,159427555.28000003,5582037.300000001,2299507.3000000003,814898.88,113484981.42999999,-160471179.68000007
2018-03-30 00:00:00+00:00,155367193.07,5504312.73,2302780.62,831989.88,117876555.04,-160471179.68000007
2018-04-02 00:00:00+00:00,156300609.67000002,5333722.44,2328967.18,834382.62,121932161.27000001,-160471179.68000007
2018-04-03 00:00:00+00:00,157000672.12,5301421.32,2314237.24,822760.74,122148140.3,-160471179.68000007
2018-04-04 00:00:00+00:00,153080322.39999998,5350882.41,2324057.2,802593.36,119460401.26,-160471179.68000007
2018-04-09 00:00:00+00:00,147573164.46,5178273.300000001,2224220.94,820026.18,119724375.63,-160471179.68000007
2018-04-10 00:00:00+00:00,150186730.94,5326656.57,2237314.22,823102.56,118596485.14,-160471179.68000007
2018-04-11 00:00:00+00:00,152193576.63,5347854.180000001,2235677.56,810455.22,121188233.5,-160471179.68000007
2018-04-12 00:00:00+00:00,148646593.55,5235809.670000001,2235677.56,812506.14,124595902.64,-160471179.68000007
2018-04-13 00:00:00+00:00,145846343.75,5180292.12,2219310.96,817975.26,118596485.14,-160471179.68000007
2018-04-16 00:00:00+00:00,140152502.49,5025852.39,2170211.16,770804.1,119388408.25,-160471179.68000007
2018-04-17 00:00:00+00:00,139639123.36,5035946.49,2142387.94,738331.2000000001,115644771.72999999,-160471179.68000007
2018-04-18 00:00:00+00:00,140199173.32,4918854.930000001,2147297.9200000004,726709.3200000001,118308513.10000001,-160471179.68000007
2018-04-19 00:00:00+00:00,141085919.09,5205527.37,2140751.28,753029.4600000001,118164527.08,-160471179.68000007
2018-04-20 00:00:00+00:00,140712552.45000002,5188367.399999999,2072011.56,718847.4600000001,120156333.69,-160471179.68000007
2018-04-23 00:00:00+00:00,139592452.53,5253979.050000001,2093288.1400000001,726025.68,114708862.60000001,-160471179.68000007
2018-04-24 00:00:00+00:00,144352877.19,5405390.550000001,2122748.02,743458.5,121548198.55,-160471179.68000007
2018-04-25 00:00:00+00:00,140572539.96,5311515.420000001,2142387.94,748927.62,123492009.82000001,-160471179.68000007
2018-04-26 00:00:00+00:00,133011865.5,5188367.399999999,2099834.78,773880.48,123564002.83,-160471179.68000007
2018-04-27 00:00:00+00:00,132545157.2,5216630.88,2124384.68,750294.9,129587418.0,-160471179.68000007
2018-05-02 00:00:00+00:00,129184857.44,5183320.350000001,2162027.8600000003,739356.6599999999,127931578.77000001,-160471179.68000007
2018-05-03 00:00:00+00:00,127551378.39000002,5370061.2,2189851.08,729785.7000000001,127451625.37,-160471179.68000007
2018-05-04 00:00:00+00:00,125591203.53,5158085.100000001,2171847.82,746876.7000000001,127163653.33,-160350050.48000008
2018-05-07 00:00:00+00:00,127784732.53999999,5289308.399999999,2243860.8600000003,767385.9,128195553.14,-160350050.48000008
2018-05-08 00:00:00+00:00,133898611.27000001,5440719.899999999,2245497.52,779349.6,127859585.76,-160350050.48000008
2018-05-09 00:00:00+00:00,131611740.6,5445766.95,2238950.88,796098.78,126011765.17,-160350050.48000008
2018-05-10 00:00:00+00:00,131005019.81,5489171.58,2237314.22,791655.12,126371730.22000001,-160350050.48000008
2018-05-11 00:00:00+00:00,130398299.02000001,5425578.75,2194761.06,779691.4199999999,123444014.47999999,-160350050.48000008
2018-05-14 00:00:00+00:00,130398299.02000001,5575980.84,2284777.3600000003,713720.1599999999,124427918.95,-160350050.48000008
2018-05-15 00:00:00+00:00,129511553.25,5573962.02,2284777.3600000003,721240.2000000001,132755110.44,-160350050.48000008
2018-05-16 00:00:00+00:00,127084670.09,5491190.399999999,2274957.4,735938.4600000001,134218968.31,-160350050.48000008
2018-05-17 00:00:00+00:00,125031153.57,5361985.920000001,2238950.88,739356.6599999999,133954993.94,-160350050.48000008
2018-05-18 00:00:00+00:00,126711303.45,5439710.49,2289687.34,728076.6,131867196.65,-160350050.48000008
