,amount,commission,dt,order_id,price,sid,symbol,txn_dollars
2016-01-05 07:00:00+00:00,163666,,2016-01-05 07:00:00+00:00,d9509cb69cd64f35817728961e0109cd,12.120000000000001,苏宁易购(002024),苏宁易购(002024),-1983631.9200000002
2016-01-05 07:00:00+00:00,67294,,2016-01-05 07:00:00+00:00,66731ecb19be4141863cdbb9c2629f0d,31.330000000000002,美的集团(000333),美的集团(000333),-2108321.02
2016-01-05 07:00:00+00:00,34182,,2016-01-05 07:00:00+00:00,1da46bd0be154865a831884c47f0f7c5,56.61,中源协和(600645),中源协和(600645),-1935043.02
2016-03-09 07:00:00+00:00,62539,,2016-03-09 07:00:00+00:00,9ac651ed25bb43d4ba10ce7047cb64d5,28.78,广誉远(600771),广誉远(600771),-1799872.4200000002
2016-03-09 07:00:00+00:00,62539,,2016-03-09 07:00:00+00:00,f8f3b1d5378c48d8a5c7dfcb5a5a5602,28.78,广誉远(600771),广誉远(600771),-1799872.4200000002
2016-03-09 07:00:00+00:00,62539,,2016-03-09 07:00:00+00:00,40ed01c7c7e648b0a28d389e5dfd1379,28.78,广誉远(600771),广誉远(600771),-1799872.4200000002
2016-03-09 07:00:00+00:00,62539,,2016-03-09 07:00:00+00:00,b6d056e70bb84f88936884b3aff9dbc8,28.78,广誉远(600771),广誉远(600771),-1799872.4200000002
2016-03-09 07:00:00+00:00,62539,,2016-03-09 07:00:00+00:00,38ead63414be495caaadc9b3dc0ae779,28.78,广誉远(600771),广誉远(600771),-1799872.4200000002
2016-03-09 07:00:00+00:00,62539,,2016-03-09 07:00:00+00:00,8b116296b97446e581e2cb7d1936c7f5,28.78,广誉远(600771),广誉远(600771),-1799872.4200000002
2016-03-09 07:00:00+00:00,62539,,2016-03-09 07:00:00+00:00,b34a02fc00b9489583b6085bfdf3eefd,28.78,广誉远(600771),广誉远(600771),-1799872.4200000002
2016-03-09 07:00:00+00:00,62539,,2016-03-09 07:00:00+00:00,75aec6e21377415292165eaa3f0f9d54,28.78,广誉远(600771),广誉远(600771),-1799872.4200000002
2016-03-09 07:00:00+00:00,62539,,2016-03-09 07:00:00+00:00,ab760e8c7ea04a63b392d95895e4ca62,28.78,广誉远(600771),广誉远(600771),-1799872.4200000002
2016-03-09 07:00:00+00:00,62539,,2016-03-09 07:00:00+00:00,7599d226cd2f484c80362e741ea28ebe,28.78,广誉远(600771),广誉远(600771),-1799872.4200000002
2016-03-09 07:00:00+00:00,62539,,2016-03-09 07:00:00+00:00,7d469b61298c4805af1a7dcdad0979dd,28.78,广誉远(600771),广誉远(600771),-1799872.4200000002
2016-03-09 07:00:00+00:00,62539,,2016-03-09 07:00:00+00:00,f6e90c7bf2af4e2fa0f93624f2353c8b,28.78,广誉远(600771),广誉远(600771),-1799872.4200000002
2016-03-09 07:00:00+00:00,62539,,2016-03-09 07:00:00+00:00,eb35e2385a054303ae5b6fd26e626fa5,28.78,广誉远(600771),广誉远(600771),-1799872.4200000002
2016-03-09 07:00:00+00:00,62539,,2016-03-09 07:00:00+00:00,e7a7ab514b384cbdb66d3ee48ad6474c,28.78,广誉远(600771),广誉远(600771),-1799872.4200000002
2016-03-09 07:00:00+00:00,62539,,2016-03-09 07:00:00+00:00,f122f9b46b414cb0a459240cb5abce67,28.78,广誉远(600771),广誉远(600771),-1799872.4200000002
2016-03-09 07:00:00+00:00,62539,,2016-03-09 07:00:00+00:00,895a8bedaaea465d91e2ea41a7a1c635,28.78,广誉远(600771),广誉远(600771),-1799872.4200000002
2016-03-09 07:00:00+00:00,62539,,2016-03-09 07:00:00+00:00,de694a02564b4e81bc638cf063231514,28.78,广誉远(600771),广誉远(600771),-1799872.4200000002
2016-03-09 07:00:00+00:00,62539,,2016-03-09 07:00:00+00:00,9dce51257706429ba7c2772cab8c015e,28.78,广誉远(600771),广誉远(600771),-1799872.4200000002
2016-03-09 07:00:00+00:00,62539,,2016-03-09 07:00:00+00:00,f1ed8ea6a6dd49c1810823629895ed3e,28.78,广誉远(600771),广誉远(600771),-1799872.4200000002
2016-03-09 07:00:00+00:00,62539,,2016-03-09 07:00:00+00:00,8a9b9cb3420a432599f67c8a074064cb,28.78,广誉远(600771),广誉远(600771),-1799872.4200000002
2016-03-09 07:00:00+00:00,62539,,2016-03-09 07:00:00+00:00,86edfb0b61874645af58b12607b250e9,28.78,广誉远(600771),广誉远(600771),-1799872.4200000002
2016-03-09 07:00:00+00:00,62539,,2016-03-09 07:00:00+00:00,aab67bcfa669449c99195d394320b1db,28.78,广誉远(600771),广誉远(600771),-1799872.4200000002
2016-03-09 07:00:00+00:00,62539,,2016-03-09 07:00:00+00:00,3e782875da5046b79e157b4b90ca9201,28.78,广誉远(600771),广誉远(600771),-1799872.4200000002
2016-03-09 07:00:00+00:00,62539,,2016-03-09 07:00:00+00:00,cb77af39ca704dc7b86370de832b6392,28.78,广誉远(600771),广誉远(600771),-1799872.4200000002
2016-03-09 07:00:00+00:00,62539,,2016-03-09 07:00:00+00:00,0518e6aeeb984b7185bb6dfc807b3f68,28.78,广誉远(600771),广誉远(600771),-1799872.4200000002
2016-03-09 07:00:00+00:00,62539,,2016-03-09 07:00:00+00:00,7ab2894464fb49519b85f57d1e04fe3d,28.78,广誉远(600771),广誉远(600771),-1799872.4200000002
2016-03-09 07:00:00+00:00,62539,,2016-03-09 07:00:00+00:00,aad83db3071448e5aa16e7f1415ffbd2,28.78,广誉远(600771),广誉远(600771),-1799872.4200000002
2016-03-09 07:00:00+00:00,62539,,2016-03-09 07:00:00+00:00,ae55f351f31747fc9ad0986e74f65f94,28.78,广誉远(600771),广誉远(600771),-1799872.4200000002
2016-03-09 07:00:00+00:00,62539,,2016-03-09 07:00:00+00:00,e25c20024baa4f148d9c58513c94d8a2,28.78,广誉远(600771),广誉远(600771),-1799872.4200000002
2016-03-09 07:00:00+00:00,62539,,2016-03-09 07:00:00+00:00,e2c00019bdb4471faed59ed132a48e5d,28.78,广誉远(600771),广誉远(600771),-1799872.4200000002
2016-03-09 07:00:00+00:00,62539,,2016-03-09 07:00:00+00:00,6f9d31d121b544b7b1a2086689c09f3c,28.78,广誉远(600771),广誉远(600771),-1799872.4200000002
2016-03-09 07:00:00+00:00,62539,,2016-03-09 07:00:00+00:00,72a2e4f9eb5d459f997637d55c351dcb,28.78,广誉远(600771),广誉远(600771),-1799872.4200000002
2016-03-09 07:00:00+00:00,62539,,2016-03-09 07:00:00+00:00,7ac68b4ac46c436fa6feca8034cd4b1f,28.78,广誉远(600771),广誉远(600771),-1799872.4200000002
2016-03-09 07:00:00+00:00,62539,,2016-03-09 07:00:00+00:00,912faa1077284321a67adab8b4d33a67,28.78,广誉远(600771),广誉远(600771),-1799872.4200000002
2016-03-09 07:00:00+00:00,62539,,2016-03-09 07:00:00+00:00,170d965f8dac45e6a80d77b451ce594c,28.78,广誉远(600771),广誉远(600771),-1799872.4200000002
2016-03-09 07:00:00+00:00,62539,,2016-03-09 07:00:00+00:00,37703ad979324e279d0250a3626dae49,28.78,广誉远(600771),广誉远(600771),-1799872.4200000002
2016-03-09 07:00:00+00:00,62539,,2016-03-09 07:00:00+00:00,ff28f6d30d0243729b76d28314a627ad,28.78,广誉远(600771),广誉远(600771),-1799872.4200000002
2016-03-09 07:00:00+00:00,62539,,2016-03-09 07:00:00+00:00,51a9f030dedc423486a006c2e48f20cb,28.78,广誉远(600771),广誉远(600771),-1799872.4200000002
2016-03-09 07:00:00+00:00,62539,,2016-03-09 07:00:00+00:00,dea8806629f342bdaa8ad3136b917660,28.78,广誉远(600771),广誉远(600771),-1799872.4200000002
2016-03-09 07:00:00+00:00,62539,,2016-03-09 07:00:00+00:00,aa5007329786483b852b6d4cc8c671d3,28.78,广誉远(600771),广誉远(600771),-1799872.4200000002
2016-03-09 07:00:00+00:00,62539,,2016-03-09 07:00:00+00:00,8f3f7133a4c34773a4a5b4448ef0c938,28.78,广誉远(600771),广誉远(600771),-1799872.4200000002
2016-03-09 07:00:00+00:00,62539,,2016-03-09 07:00:00+00:00,e8d0540c666e4b9a9b78eae0d2ffce98,28.78,广誉远(600771),广誉远(600771),-1799872.4200000002
2016-07-04 07:00:00+00:00,81866,,2016-07-04 07:00:00+00:00,edb2068abe5c407dafdf3d7ff5eeadd1,21.990000000000002,万 科Ａ(000002),万 科Ａ(000002),-1800233.34
2016-07-04 07:00:00+00:00,81866,,2016-07-04 07:00:00+00:00,56ef099b0977403ebc4ef1bff50cbd24,21.990000000000002,万 科Ａ(000002),万 科Ａ(000002),-1800233.34
2016-07-04 07:00:00+00:00,81866,,2016-07-04 07:00:00+00:00,dce34b93959546d2888e2e108691f2bb,21.990000000000002,万 科Ａ(000002),万 科Ａ(000002),-1800233.34
2016-07-04 07:00:00+00:00,81866,,2016-07-04 07:00:00+00:00,88e923d191af4428a2d5b035d25d0647,21.990000000000002,万 科Ａ(000002),万 科Ａ(000002),-1800233.34
2016-07-04 07:00:00+00:00,81866,,2016-07-04 07:00:00+00:00,18974428567c45998e6723aeeb8156aa,21.990000000000002,万 科Ａ(000002),万 科Ａ(000002),-1800233.34
2016-07-04 07:00:00+00:00,81866,,2016-07-04 07:00:00+00:00,c3cee3b764424537b9e62b701e067654,21.990000000000002,万 科Ａ(000002),万 科Ａ(000002),-1800233.34
2016-07-04 07:00:00+00:00,81866,,2016-07-04 07:00:00+00:00,fd7dad8d07a742e79cfcdf90bba2e63f,21.990000000000002,万 科Ａ(000002),万 科Ａ(000002),-1800233.34
2016-07-04 07:00:00+00:00,81866,,2016-07-04 07:00:00+00:00,fc7264e9e124488393d566ce83696fc1,21.990000000000002,万 科Ａ(000002),万 科Ａ(000002),-1800233.34
2016-07-04 07:00:00+00:00,81866,,2016-07-04 07:00:00+00:00,7aaf691f075c4494babff4c69628f414,21.990000000000002,万 科Ａ(000002),万 科Ａ(000002),-1800233.34
2016-07-04 07:00:00+00:00,81866,,2016-07-04 07:00:00+00:00,9da3ac707c474851a777a483b3a2ba08,21.990000000000002,万 科Ａ(000002),万 科Ａ(000002),-1800233.34
2016-07-04 07:00:00+00:00,81866,,2016-07-04 07:00:00+00:00,0bee4bd7280f42f19fd849f745fd81a2,21.990000000000002,万 科Ａ(000002),万 科Ａ(000002),-1800233.34
2016-07-04 07:00:00+00:00,81866,,2016-07-04 07:00:00+00:00,4cf9f3ac22a841ca991c7767b12da3dd,21.990000000000002,万 科Ａ(000002),万 科Ａ(000002),-1800233.34
2016-07-04 07:00:00+00:00,81866,,2016-07-04 07:00:00+00:00,1e6dcdec787540e0979475b5004fbbc6,21.990000000000002,万 科Ａ(000002),万 科Ａ(000002),-1800233.34
2016-07-04 07:00:00+00:00,81866,,2016-07-04 07:00:00+00:00,e5411ce9bffb419cb048f0c65a052b2d,21.990000000000002,万 科Ａ(000002),万 科Ａ(000002),-1800233.34
2016-07-04 07:00:00+00:00,81866,,2016-07-04 07:00:00+00:00,de1067fb19ad4b7db793201aaa2a97fc,21.990000000000002,万 科Ａ(000002),万 科Ａ(000002),-1800233.34
2016-07-04 07:00:00+00:00,81866,,2016-07-04 07:00:00+00:00,58f17435353a49319cef9a9670a5d881,21.990000000000002,万 科Ａ(000002),万 科Ａ(000002),-1800233.34
2016-07-04 07:00:00+00:00,81866,,2016-07-04 07:00:00+00:00,dfd989246dbf4c8ba30517b4b6274414,21.990000000000002,万 科Ａ(000002),万 科Ａ(000002),-1800233.34
2016-07-04 07:00:00+00:00,81866,,2016-07-04 07:00:00+00:00,67984858167a44b6abdbdd080c92ff52,21.990000000000002,万 科Ａ(000002),万 科Ａ(000002),-1800233.34
2016-07-04 07:00:00+00:00,81866,,2016-07-04 07:00:00+00:00,1493c7f629d94d7cb6c5b9808186db9b,21.990000000000002,万 科Ａ(000002),万 科Ａ(000002),-1800233.34
2016-07-04 07:00:00+00:00,81866,,2016-07-04 07:00:00+00:00,fa62baa9e98140998a6f212a27da7ebb,21.990000000000002,万 科Ａ(000002),万 科Ａ(000002),-1800233.34
2016-07-04 07:00:00+00:00,81866,,2016-07-04 07:00:00+00:00,1dc3be67e07747ab9c08252e13e7bacf,21.990000000000002,万 科Ａ(000002),万 科Ａ(000002),-1800233.34
2016-07-04 07:00:00+00:00,81866,,2016-07-04 07:00:00+00:00,69c8dc2ede18448e91299dd88d079d11,21.990000000000002,万 科Ａ(000002),万 科Ａ(000002),-1800233.34
2016-07-04 07:00:00+00:00,81866,,2016-07-04 07:00:00+00:00,42ddcf02a9ce40deb48c603c29e3c722,21.990000000000002,万 科Ａ(000002),万 科Ａ(000002),-1800233.34
2016-07-04 07:00:00+00:00,81866,,2016-07-04 07:00:00+00:00,8535670d309b4b0ab9cfee7b1681ad81,21.990000000000002,万 科Ａ(000002),万 科Ａ(000002),-1800233.34
2016-07-04 07:00:00+00:00,81866,,2016-07-04 07:00:00+00:00,b1f0e89ba25a487c98c5c23d7517699a,21.990000000000002,万 科Ａ(000002),万 科Ａ(000002),-1800233.34
2016-07-04 07:00:00+00:00,81866,,2016-07-04 07:00:00+00:00,bf94574c8b444b39ac649f3ac4ca61a1,21.990000000000002,万 科Ａ(000002),万 科Ａ(000002),-1800233.34
2016-07-04 07:00:00+00:00,81866,,2016-07-04 07:00:00+00:00,baeb1cd9f1cc4d11ad37a4490838cd1d,21.990000000000002,万 科Ａ(000002),万 科Ａ(000002),-1800233.34
2016-07-04 07:00:00+00:00,81866,,2016-07-04 07:00:00+00:00,248f1f440dc2444389eeae86e29e0c52,21.990000000000002,万 科Ａ(000002),万 科Ａ(000002),-1800233.34
2016-07-04 07:00:00+00:00,81866,,2016-07-04 07:00:00+00:00,82b3207b6a214c20bdd68ec3acff5e4a,21.990000000000002,万 科Ａ(000002),万 科Ａ(000002),-1800233.34
2016-07-04 07:00:00+00:00,81866,,2016-07-04 07:00:00+00:00,26e8c4c3b87f4a4aa56dd445c1f51724,21.990000000000002,万 科Ａ(000002),万 科Ａ(000002),-1800233.34
2016-07-04 07:00:00+00:00,81866,,2016-07-04 07:00:00+00:00,08c782ecfb534d64a9913a98b7dd8107,21.990000000000002,万 科Ａ(000002),万 科Ａ(000002),-1800233.34
2016-07-04 07:00:00+00:00,81866,,2016-07-04 07:00:00+00:00,42f9c7a4c0c64bd28f9e67e0c5b8eb42,21.990000000000002,万 科Ａ(000002),万 科Ａ(000002),-1800233.34
2016-07-04 07:00:00+00:00,81866,,2016-07-04 07:00:00+00:00,f0d393133b6b4aafa406839e51ad8d92,21.990000000000002,万 科Ａ(000002),万 科Ａ(000002),-1800233.34
2016-07-04 07:00:00+00:00,81866,,2016-07-04 07:00:00+00:00,22f369c7c19740bd920726915d5ffc30,21.990000000000002,万 科Ａ(000002),万 科Ａ(000002),-1800233.34
2016-07-04 07:00:00+00:00,81866,,2016-07-04 07:00:00+00:00,cc11f07ee30145e8a1b72a0942c84551,21.990000000000002,万 科Ａ(000002),万 科Ａ(000002),-1800233.34
2016-07-04 07:00:00+00:00,81866,,2016-07-04 07:00:00+00:00,b2ba823db5714041957133ac7d83bcc3,21.990000000000002,万 科Ａ(000002),万 科Ａ(000002),-1800233.34
2016-07-04 07:00:00+00:00,81866,,2016-07-04 07:00:00+00:00,01f3e537ef724c48a145d371e0131634,21.990000000000002,万 科Ａ(000002),万 科Ａ(000002),-1800233.34
2016-07-04 07:00:00+00:00,81866,,2016-07-04 07:00:00+00:00,634cadbc33e04fb191f1ead9376fdcaa,21.990000000000002,万 科Ａ(000002),万 科Ａ(000002),-1800233.34
2016-07-04 07:00:00+00:00,81866,,2016-07-04 07:00:00+00:00,b3d698d0b03349ca87a0d095ae6730f6,21.990000000000002,万 科Ａ(000002),万 科Ａ(000002),-1800233.34
2016-07-04 07:00:00+00:00,81866,,2016-07-04 07:00:00+00:00,b051936b89be4d91a4913d326eafcb63,21.990000000000002,万 科Ａ(000002),万 科Ａ(000002),-1800233.34
2016-07-04 07:00:00+00:00,81866,,2016-07-04 07:00:00+00:00,1a37529fdd3b4d4e99c56263122dc4c0,21.990000000000002,万 科Ａ(000002),万 科Ａ(000002),-1800233.34
2016-07-04 07:00:00+00:00,81866,,2016-07-04 07:00:00+00:00,33b7eb821702464f9f00935cc83dd6fb,21.990000000000002,万 科Ａ(000002),万 科Ａ(000002),-1800233.34
2016-07-04 07:00:00+00:00,81866,,2016-07-04 07:00:00+00:00,7853eda5cbbf4d1f89685a7fd9eb86de,21.990000000000002,万 科Ａ(000002),万 科Ａ(000002),-1800233.34
2016-07-04 07:00:00+00:00,81866,,2016-07-04 07:00:00+00:00,874cfead6e2348efa1f360e1683b959c,21.990000000000002,万 科Ａ(000002),万 科Ａ(000002),-1800233.34
2016-07-04 07:00:00+00:00,81866,,2016-07-04 07:00:00+00:00,fa3419226e9f4d43bfab1ecb1a11a251,21.990000000000002,万 科Ａ(000002),万 科Ａ(000002),-1800233.34
2016-07-04 07:00:00+00:00,81866,,2016-07-04 07:00:00+00:00,80435577ec4f4928a543b5ae15fe7923,21.990000000000002,万 科Ａ(000002),万 科Ａ(000002),-1800233.34
2016-07-04 07:00:00+00:00,81866,,2016-07-04 07:00:00+00:00,e6f9af54c65f45a2af68fe3eff44e0f8,21.990000000000002,万 科Ａ(000002),万 科Ａ(000002),-1800233.34
2016-07-04 07:00:00+00:00,81866,,2016-07-04 07:00:00+00:00,0c8e5e0ea1f840e988e8892e888e9478,21.990000000000002,万 科Ａ(000002),万 科Ａ(000002),-1800233.34
2016-07-04 07:00:00+00:00,81866,,2016-07-04 07:00:00+00:00,5d4a3cf8c2ef4ed4bd6d5d7c3282d6aa,21.990000000000002,万 科Ａ(000002),万 科Ａ(000002),-1800233.34
2016-07-04 07:00:00+00:00,81866,,2016-07-04 07:00:00+00:00,a20eab408d7d49bfb767ef17dc5db411,21.990000000000002,万 科Ａ(000002),万 科Ａ(000002),-1800233.34
2016-07-04 07:00:00+00:00,81866,,2016-07-04 07:00:00+00:00,dee06687bd214076883e30de0a568890,21.990000000000002,万 科Ａ(000002),万 科Ａ(000002),-1800233.34
2016-07-04 07:00:00+00:00,81866,,2016-07-04 07:00:00+00:00,7db3f3952fee4df7b2043f8f8f706166,21.990000000000002,万 科Ａ(000002),万 科Ａ(000002),-1800233.34
2016-07-04 07:00:00+00:00,81866,,2016-07-04 07:00:00+00:00,43f1dcb0788041608ddafea145a18f2a,21.990000000000002,万 科Ａ(000002),万 科Ａ(000002),-1800233.34
2016-07-04 07:00:00+00:00,81866,,2016-07-04 07:00:00+00:00,47350f1236034f42a1b158aa3a28acd2,21.990000000000002,万 科Ａ(000002),万 科Ａ(000002),-1800233.34
2016-07-04 07:00:00+00:00,81866,,2016-07-04 07:00:00+00:00,29821b4c400245a4b8837fdcb3b71ffb,21.990000000000002,万 科Ａ(000002),万 科Ａ(000002),-1800233.34
2016-07-04 07:00:00+00:00,81866,,2016-07-04 07:00:00+00:00,0b2ec182530a44c78d9f4fc4e5bf0f1f,21.990000000000002,万 科Ａ(000002),万 科Ａ(000002),-1800233.34
2016-07-04 07:00:00+00:00,81866,,2016-07-04 07:00:00+00:00,79e1606b8469428db610a03fcd5cf9bd,21.990000000000002,万 科Ａ(000002),万 科Ａ(000002),-1800233.34
2016-07-04 07:00:00+00:00,81866,,2016-07-04 07:00:00+00:00,f9d92a1773ce4991b9e99a655ad150bf,21.990000000000002,万 科Ａ(000002),万 科Ａ(000002),-1800233.34
2016-07-04 07:00:00+00:00,81866,,2016-07-04 07:00:00+00:00,13e32a2d5b1d481bbe7a542f4b752bd2,21.990000000000002,万 科Ａ(000002),万 科Ａ(000002),-1800233.34
2016-07-04 07:00:00+00:00,81866,,2016-07-04 07:00:00+00:00,f4618e934ed643669f1328295d99dd51,21.990000000000002,万 科Ａ(000002),万 科Ａ(000002),-1800233.34
2016-07-04 07:00:00+00:00,81866,,2016-07-04 07:00:00+00:00,0bfb1408cbbb491abee26a0053ff4cb7,21.990000000000002,万 科Ａ(000002),万 科Ａ(000002),-1800233.34
2016-07-04 07:00:00+00:00,81866,,2016-07-04 07:00:00+00:00,1b3a77e610b6444ead2b6a7d7d43e306,21.990000000000002,万 科Ａ(000002),万 科Ａ(000002),-1800233.34
2016-07-04 07:00:00+00:00,81866,,2016-07-04 07:00:00+00:00,b667f915710a448db2b8dffa834455c8,21.990000000000002,万 科Ａ(000002),万 科Ａ(000002),-1800233.34
2016-07-04 07:00:00+00:00,81866,,2016-07-04 07:00:00+00:00,5998b81ebf9e4d6290635fa515969947,21.990000000000002,万 科Ａ(000002),万 科Ａ(000002),-1800233.34
2016-07-04 07:00:00+00:00,81866,,2016-07-04 07:00:00+00:00,9b4dad08f15d4232b0d01fc6c5941f48,21.990000000000002,万 科Ａ(000002),万 科Ａ(000002),-1800233.34
2016-07-04 07:00:00+00:00,81866,,2016-07-04 07:00:00+00:00,1b2fdee636c64079b868c9d7b4dcbc4c,21.990000000000002,万 科Ａ(000002),万 科Ａ(000002),-1800233.34
2016-07-04 07:00:00+00:00,81866,,2016-07-04 07:00:00+00:00,5a56521bf263490c9e9f4329ff025765,21.990000000000002,万 科Ａ(000002),万 科Ａ(000002),-1800233.34
2016-07-04 07:00:00+00:00,81866,,2016-07-04 07:00:00+00:00,0f81e71d9851460aa3c70d1eee84edb9,21.990000000000002,万 科Ａ(000002),万 科Ａ(000002),-1800233.34
2016-07-04 07:00:00+00:00,81866,,2016-07-04 07:00:00+00:00,4d16bdb43b114b8c8c6967f3368d0476,21.990000000000002,万 科Ａ(000002),万 科Ａ(000002),-1800233.34
2016-07-04 07:00:00+00:00,81866,,2016-07-04 07:00:00+00:00,4ebdefb11791486aaf5d93cb0868a064,21.990000000000002,万 科Ａ(000002),万 科Ａ(000002),-1800233.34
2016-07-04 07:00:00+00:00,81866,,2016-07-04 07:00:00+00:00,d4783eeec6e048fc8502131e7802b7b4,21.990000000000002,万 科Ａ(000002),万 科Ａ(000002),-1800233.34
2016-07-04 07:00:00+00:00,81866,,2016-07-04 07:00:00+00:00,e3872ae85efe444abfe1c30a200ce0da,21.990000000000002,万 科Ａ(000002),万 科Ａ(000002),-1800233.34
2016-07-04 07:00:00+00:00,81866,,2016-07-04 07:00:00+00:00,f85abc1374ce4a1f84f7dfdd5cb63106,21.990000000000002,万 科Ａ(000002),万 科Ａ(000002),-1800233.34
2016-07-04 07:00:00+00:00,81866,,2016-07-04 07:00:00+00:00,b013c0c90f1843efac0f49cf72821ac9,21.990000000000002,万 科Ａ(000002),万 科Ａ(000002),-1800233.34
2016-07-04 07:00:00+00:00,81866,,2016-07-04 07:00:00+00:00,a81bec836b60412bbfd6f1a039586424,21.990000000000002,万 科Ａ(000002),万 科Ａ(000002),-1800233.34
2016-07-04 07:00:00+00:00,81866,,2016-07-04 07:00:00+00:00,5d0ded13efbd4ddd8e50223846b342e8,21.990000000000002,万 科Ａ(000002),万 科Ａ(000002),-1800233.34
2016-07-04 07:00:00+00:00,81866,,2016-07-04 07:00:00+00:00,d20086bf3ed04f6cba04577e3bea45c6,21.990000000000002,万 科Ａ(000002),万 科Ａ(000002),-1800233.34
2016-07-04 07:00:00+00:00,81866,,2016-07-04 07:00:00+00:00,81b7dc9cd56e4a5f938ce18cae469d92,21.990000000000002,万 科Ａ(000002),万 科Ａ(000002),-1800233.34
2016-07-04 07:00:00+00:00,81866,,2016-07-04 07:00:00+00:00,495f400e347b4ead9502f6bfa9f9e054,21.990000000000002,万 科Ａ(000002),万 科Ａ(000002),-1800233.34
2016-07-04 07:00:00+00:00,81866,,2016-07-04 07:00:00+00:00,6fd608e7d7da42afbbcf72fcd03dff28,21.990000000000002,万 科Ａ(000002),万 科Ａ(000002),-1800233.34
2016-07-04 07:00:00+00:00,81866,,2016-07-04 07:00:00+00:00,aa57507da57048b187382d53ee575203,21.990000000000002,万 科Ａ(000002),万 科Ａ(000002),-1800233.34
2016-07-04 07:00:00+00:00,81866,,2016-07-04 07:00:00+00:00,7458e6e791314d3aa8be031eea5c478e,21.990000000000002,万 科Ａ(000002),万 科Ａ(000002),-1800233.34
2016-07-04 07:00:00+00:00,81866,,2016-07-04 07:00:00+00:00,2c4fe20d55bf4ed9b9436c0fe800d044,21.990000000000002,万 科Ａ(000002),万 科Ａ(000002),-1800233.34
2016-07-04 07:00:00+00:00,81866,,2016-07-04 07:00:00+00:00,2cb1c7ae1fec40ed979f8899138f71c8,21.990000000000002,万 科Ａ(000002),万 科Ａ(000002),-1800233.34
2016-07-04 07:00:00+00:00,81866,,2016-07-04 07:00:00+00:00,cf065e9a5eec44fbb94d83d879a9c74a,21.990000000000002,万 科Ａ(000002),万 科Ａ(000002),-1800233.34
2016-07-04 07:00:00+00:00,81866,,2016-07-04 07:00:00+00:00,6ba74209b99f43559f7f31f37dd7b482,21.990000000000002,万 科Ａ(000002),万 科Ａ(000002),-1800233.34
2016-07-04 07:00:00+00:00,81866,,2016-07-04 07:00:00+00:00,e3fbed7167b44420bcfe9d35677e32da,21.990000000000002,万 科Ａ(000002),万 科Ａ(000002),-1800233.34
2016-07-04 07:00:00+00:00,81866,,2016-07-04 07:00:00+00:00,f633f8c1f18f447eb39b5158bde1d127,21.990000000000002,万 科Ａ(000002),万 科Ａ(000002),-1800233.34
2016-07-04 07:00:00+00:00,81866,,2016-07-04 07:00:00+00:00,3eac6c7f76c148aea64446b4c22d175d,21.990000000000002,万 科Ａ(000002),万 科Ａ(000002),-1800233.34
2016-07-04 07:00:00+00:00,81866,,2016-07-04 07:00:00+00:00,109393179cb14d3ba4b8572c890dd06d,21.990000000000002,万 科Ａ(000002),万 科Ａ(000002),-1800233.34
2016-07-04 07:00:00+00:00,81866,,2016-07-04 07:00:00+00:00,791164129dd34a4cb6a52c8a433b8278,21.990000000000002,万 科Ａ(000002),万 科Ａ(000002),-1800233.34
2016-07-04 07:00:00+00:00,81866,,2016-07-04 07:00:00+00:00,59ff5fbcfcc847e2b0c3fda3b53dbe5a,21.990000000000002,万 科Ａ(000002),万 科Ａ(000002),-1800233.34
2016-07-04 07:00:00+00:00,81866,,2016-07-04 07:00:00+00:00,4a54f4116db14ef2b313bd0a2aee6b5f,21.990000000000002,万 科Ａ(000002),万 科Ａ(000002),-1800233.34
2016-07-04 07:00:00+00:00,81866,,2016-07-04 07:00:00+00:00,3d12a9d326464a66a08eaec80b0b11c5,21.990000000000002,万 科Ａ(000002),万 科Ａ(000002),-1800233.34
2016-07-04 07:00:00+00:00,81866,,2016-07-04 07:00:00+00:00,9aac62fc8073400e893f00e5fae39a2e,21.990000000000002,万 科Ａ(000002),万 科Ａ(000002),-1800233.34
2016-07-04 07:00:00+00:00,81866,,2016-07-04 07:00:00+00:00,b29f461f149d483c880230fb7b764abc,21.990000000000002,万 科Ａ(000002),万 科Ａ(000002),-1800233.34
2016-07-04 07:00:00+00:00,81866,,2016-07-04 07:00:00+00:00,4e8dd2952cb040ec9dcc484016d74bd4,21.990000000000002,万 科Ａ(000002),万 科Ａ(000002),-1800233.34
2016-07-04 07:00:00+00:00,81866,,2016-07-04 07:00:00+00:00,1d21dc5d4bd04ddb9f90bf211ec80f92,21.990000000000002,万 科Ａ(000002),万 科Ａ(000002),-1800233.34
2016-07-04 07:00:00+00:00,81866,,2016-07-04 07:00:00+00:00,d32acc60cfb14aa480d3cedde97b4b34,21.990000000000002,万 科Ａ(000002),万 科Ａ(000002),-1800233.34
2016-07-04 07:00:00+00:00,81866,,2016-07-04 07:00:00+00:00,5e553156f6bd4b959f75cad7f0739812,21.990000000000002,万 科Ａ(000002),万 科Ａ(000002),-1800233.34
2016-07-04 07:00:00+00:00,81866,,2016-07-04 07:00:00+00:00,ff772160f3614defb76f204cc2ab0b84,21.990000000000002,万 科Ａ(000002),万 科Ａ(000002),-1800233.34
2016-07-04 07:00:00+00:00,81866,,2016-07-04 07:00:00+00:00,2e7a0e3c4098423b8bb62b5493575281,21.990000000000002,万 科Ａ(000002),万 科Ａ(000002),-1800233.34
2016-07-04 07:00:00+00:00,81866,,2016-07-04 07:00:00+00:00,3090beae28b749e4b980727516ca4ac1,21.990000000000002,万 科Ａ(000002),万 科Ａ(000002),-1800233.34
2016-07-04 07:00:00+00:00,81866,,2016-07-04 07:00:00+00:00,c6f0a13941024361a19623f6596d9bf1,21.990000000000002,万 科Ａ(000002),万 科Ａ(000002),-1800233.34
2016-07-04 07:00:00+00:00,81866,,2016-07-04 07:00:00+00:00,4eef8c00015a4b0bae829f25b525d590,21.990000000000002,万 科Ａ(000002),万 科Ａ(000002),-1800233.34
2016-07-04 07:00:00+00:00,81866,,2016-07-04 07:00:00+00:00,5a9fcc921c7445c093a48203d0f67cae,21.990000000000002,万 科Ａ(000002),万 科Ａ(000002),-1800233.34
2016-07-04 07:00:00+00:00,81866,,2016-07-04 07:00:00+00:00,184fe10beeb544a08d74dfb1d327929c,21.990000000000002,万 科Ａ(000002),万 科Ａ(000002),-1800233.34
2016-07-04 07:00:00+00:00,81866,,2016-07-04 07:00:00+00:00,3167ad27bcc749508da85f0e38c2b14a,21.990000000000002,万 科Ａ(000002),万 科Ａ(000002),-1800233.34
2016-07-04 07:00:00+00:00,81866,,2016-07-04 07:00:00+00:00,b1c4ec56953745a0806aa9a1cfa73a45,21.990000000000002,万 科Ａ(000002),万 科Ａ(000002),-1800233.34
2016-07-04 07:00:00+00:00,81866,,2016-07-04 07:00:00+00:00,fbf18ce8452640abb491fc6c85e02a4c,21.990000000000002,万 科Ａ(000002),万 科Ａ(000002),-1800233.34
2016-07-04 07:00:00+00:00,81866,,2016-07-04 07:00:00+00:00,176498a048834f949e15c39200039879,21.990000000000002,万 科Ａ(000002),万 科Ａ(000002),-1800233.34
2016-07-04 07:00:00+00:00,81866,,2016-07-04 07:00:00+00:00,8a99a2ae0159479588070e7152b2033d,21.990000000000002,万 科Ａ(000002),万 科Ａ(000002),-1800233.34
2016-07-04 07:00:00+00:00,81866,,2016-07-04 07:00:00+00:00,87e9ce7e514745d3aa5e383e32065c66,21.990000000000002,万 科Ａ(000002),万 科Ａ(000002),-1800233.34
2016-07-04 07:00:00+00:00,81866,,2016-07-04 07:00:00+00:00,5173b64f7c464421b72b73634d807108,21.990000000000002,万 科Ａ(000002),万 科Ａ(000002),-1800233.34
2016-07-04 07:00:00+00:00,81866,,2016-07-04 07:00:00+00:00,d7c7ff334cb94a008990ed1a921fd506,21.990000000000002,万 科Ａ(000002),万 科Ａ(000002),-1800233.34
2016-07-04 07:00:00+00:00,81866,,2016-07-04 07:00:00+00:00,b2bcaba3d9954e9daf07364cdad2631b,21.990000000000002,万 科Ａ(000002),万 科Ａ(000002),-1800233.34
2016-07-04 07:00:00+00:00,81866,,2016-07-04 07:00:00+00:00,963a3cd5aac343e3a24d2b9b6289caca,21.990000000000002,万 科Ａ(000002),万 科Ａ(000002),-1800233.34
2016-07-04 07:00:00+00:00,81866,,2016-07-04 07:00:00+00:00,dda4dcf2d9614d9ea429daf18ec412e2,21.990000000000002,万 科Ａ(000002),万 科Ａ(000002),-1800233.34
2016-07-04 07:00:00+00:00,81866,,2016-07-04 07:00:00+00:00,873dd8001c0045dab37c91b11bb05e4f,21.990000000000002,万 科Ａ(000002),万 科Ａ(000002),-1800233.34
2016-07-04 07:00:00+00:00,81866,,2016-07-04 07:00:00+00:00,fc977eef047b4bb8b3072f4743a3fcbd,21.990000000000002,万 科Ａ(000002),万 科Ａ(000002),-1800233.34
2016-07-04 07:00:00+00:00,81866,,2016-07-04 07:00:00+00:00,cd23dd9ca7ae43e1b3013d8f14c51f2a,21.990000000000002,万 科Ａ(000002),万 科Ａ(000002),-1800233.34
